level	page_num	par_num	block_num	line_num	word_num	left	top	width	height	conf	text
1	1	0	0	0	0	0.000000	0.000000	2590.866211	1726.299194	-1	###PAGE###
3	1	0	0	0	0	2101.097120	24.589634	281.838051	29.346840	-1	###FLOW###
4	1	0	0	0	0	2101.097120	24.589634	281.838051	29.346840	-1	###LINE###
5	1	0	0	0	0	2101.10	24.59	64.41	29.35	100	BILL
5	1	0	0	0	1	2174.30	24.59	43.43	29.35	100	OF
5	1	0	0	0	2	2226.50	24.59	156.44	29.35	100	MATERIAL
3	1	0	1	0	0	1943.778130	60.766514	33.677663	10.906680	-1	###FLOW###
4	1	0	1	0	0	1943.778130	60.766514	33.677663	10.906680	-1	###LINE###
5	1	0	1	0	0	1943.78	60.77	33.68	10.91	100	QUAN
3	1	1	0	0	0	1996.219470	61.010954	33.772410	10.906680	-1	###FLOW###
4	1	1	0	0	0	1996.219470	61.010954	33.772410	10.906680	-1	###LINE###
5	1	1	0	0	0	1996.22	61.01	33.77	10.91	100	MARK
3	1	2	0	0	0	2099.056400	61.010954	79.600729	10.906680	-1	###FLOW###
4	1	2	0	0	0	2099.056400	61.010954	79.600729	10.906680	-1	###LINE###
5	1	2	0	0	0	2099.06	61.01	79.60	10.91	100	DESCRIPTION
3	1	3	0	0	0	2256.251830	61.010954	47.200468	10.906680	-1	###FLOW###
4	1	3	0	0	0	2256.251830	61.010954	47.200468	10.906680	-1	###LINE###
5	1	3	0	0	0	2256.25	61.01	47.20	10.91	100	LENGTH
3	1	4	0	0	0	2330.179390	61.010954	65.890288	10.906680	-1	###FLOW###
4	1	4	0	0	0	2330.179390	61.010954	65.890288	10.906680	-1	###LINE###
5	1	4	0	0	0	2330.18	61.01	37.46	10.91	100	TOTAL
5	1	4	0	0	1	2374.14	61.01	21.93	10.91	100	WT.
3	1	5	0	0	0	2254.699699	128.642234	46.480890	9.107640	-1	###FLOW###
4	1	5	0	0	0	2254.699699	128.642234	46.480890	9.107640	-1	###LINE###
5	1	5	0	0	0	2254.70	128.64	26.68	9.11	100	13'-11
5	1	5	0	0	1	2284.10	128.64	17.08	9.11	100	1/4"
3	1	6	0	0	0	2359.342303	128.642234	16.241683	9.107640	-1	###FLOW###
4	1	6	0	0	0	2359.342303	128.642234	16.241683	9.107640	-1	###LINE###
5	1	6	0	0	0	2359.34	128.64	16.24	9.11	100	417
3	1	7	0	0	0	2447.418400	61.010954	57.714781	10.906680	-1	###FLOW###
4	1	7	0	0	0	2447.418400	61.010954	57.714781	10.906680	-1	###LINE###
5	1	7	0	0	0	2447.42	61.01	57.71	10.91	100	REMARKS
3	1	8	0	0	0	513.958434	105.250874	18.679848	10.794240	-1	###FLOW###
4	1	8	0	0	0	513.958434	105.250874	18.679848	10.794240	-1	###LINE###
5	1	8	0	0	0	513.96	105.25	18.68	10.79	100	4'-0
3	1	8	1	0	0	504.835452	122.984474	37.415061	13.759200	-1	###FLOW###
4	1	8	1	0	0	504.835452	122.984474	37.415061	13.759200	-1	###LINE###
5	1	8	1	0	0	504.84	124.94	25.03	10.79	100	3'-11
5	1	8	1	0	1	530.41	122.98	5.59	9.44	100	3
5	1	8	1	0	2	534.73	123.87	3.33	11.24	100	/
5	1	8	1	0	3	536.66	127.30	5.59	9.44	100	4
3	1	9	0	0	0	465.842982	165.972794	25.485787	10.794240	-1	###FLOW###
4	1	9	0	0	0	465.842982	165.972794	25.485787	10.794240	-1	###LINE###
5	1	9	0	0	0	465.84	165.97	25.49	10.79	100	TYP.
3	1	10	0	0	0	420.365610	173.142554	17.432247	13.406400	-1	###FLOW###
4	1	10	0	0	0	420.365610	173.142554	17.432247	13.406400	-1	###LINE###
5	1	10	0	0	0	420.37	173.14	5.59	9.44	100	3
5	1	10	0	0	1	424.93	174.27	3.33	11.24	100	/
5	1	10	0	0	2	426.61	177.10	11.19	9.44	100	16
3	1	11	0	0	0	474.235212	188.056634	33.433594	10.794240	-1	###FLOW###
4	1	11	0	0	0	474.235212	188.056634	33.433594	10.794240	-1	###LINE###
5	1	11	0	0	0	474.24	188.06	33.43	10.79	100	w1023
3	1	12	0	0	0	425.525877	256.423514	17.432247	26.480160	-1	###FLOW###
4	1	12	0	0	0	425.525877	256.423514	17.432247	13.406400	-1	###LINE###
5	1	12	0	0	0	425.53	256.42	5.59	9.44	100	3
5	1	12	0	0	1	430.09	257.67	3.33	11.24	100	/
5	1	12	0	0	2	431.77	260.38	11.19	9.44	100	16
4	1	12	0	1	0	425.525877	269.497274	17.432247	13.406400	-1	###LINE###
5	1	12	0	1	0	425.53	269.50	5.59	9.44	100	3
5	1	12	0	1	1	430.09	270.75	3.33	11.24	100	/
5	1	12	0	1	2	431.77	273.46	11.19	9.44	100	16
3	1	13	0	0	0	470.992500	262.452794	25.485787	10.794240	-1	###FLOW###
4	1	13	0	0	0	470.992500	262.452794	25.485787	10.794240	-1	###LINE###
5	1	13	0	0	0	470.99	262.45	25.49	10.79	100	TYP.
3	1	14	0	0	0	327.239880	284.651834	31.742040	10.794240	-1	###FLOW###
4	1	14	0	0	0	327.239880	284.651834	31.742040	10.794240	-1	###LINE###
5	1	14	0	0	0	327.24	284.65	31.74	10.79	100	p1021
3	1	15	0	0	0	778.576659	136.783994	11.839443	13.759200	-1	###FLOW###
4	1	15	0	0	0	778.576659	136.783994	11.839443	13.759200	-1	###LINE###
5	1	15	0	0	0	778.58	136.78	5.59	9.44	100	1
5	1	15	0	0	1	783.14	137.67	3.33	11.24	100	/
5	1	15	0	0	2	784.82	141.10	5.59	9.44	100	8
3	1	16	0	0	0	564.471666	146.296634	34.151238	24.468480	-1	###FLOW###
4	1	16	0	0	0	566.880864	146.296634	31.742040	10.794240	-1	###LINE###
5	1	16	0	0	0	566.88	146.30	31.74	10.79	100	p1016
4	1	16	0	1	0	564.471666	159.970874	31.742040	10.794240	-1	###LINE###
5	1	16	0	1	0	564.47	159.97	31.74	10.79	100	p1019
3	1	17	0	0	0	914.638890	136.783994	37.415283	13.759200	-1	###FLOW###
4	1	17	0	0	0	914.638890	136.783994	37.415283	13.759200	-1	###LINE###
5	1	17	0	0	0	914.64	138.73	25.03	10.79	100	3'-11
5	1	17	0	0	1	940.22	136.78	5.59	9.44	100	3
5	1	17	0	0	2	944.54	137.67	3.33	11.24	100	/
5	1	17	0	0	3	946.46	141.10	5.59	9.44	100	4
3	1	17	1	0	0	835.078266	165.131834	31.856220	24.837120	-1	###FLOW###
4	1	17	1	0	0	835.192446	165.131834	31.742040	10.794240	-1	###LINE###
5	1	17	1	0	0	835.19	165.13	31.74	10.79	100	p1016
4	1	17	1	1	0	835.078266	179.174714	31.742040	10.794240	-1	###LINE###
5	1	17	1	1	0	835.08	179.17	31.74	10.79	100	p1016
3	1	18	0	0	0	744.111060	176.651834	33.433594	10.794240	-1	###FLOW###
4	1	18	0	0	0	744.111060	176.651834	33.433594	10.794240	-1	###LINE###
5	1	18	0	0	0	744.11	176.65	33.43	10.79	100	w1025
3	1	19	0	0	0	680.752578	177.734714	47.112050	10.794240	-1	###FLOW###
4	1	19	0	0	0	680.752578	177.734714	47.112050	10.794240	-1	###LINE###
5	1	19	0	0	0	680.75	177.73	47.11	10.79	100	1017FR1
3	1	20	0	0	0	999.502476	175.662554	17.422188	13.406400	-1	###FLOW###
4	1	20	0	0	0	999.502476	175.662554	17.422188	13.406400	-1	###LINE###
5	1	20	0	0	0	999.50	175.66	5.59	9.44	100	3
5	1	20	0	0	1	1004.05	176.79	3.33	11.24	100	/
5	1	20	0	0	2	1005.74	179.62	11.19	9.44	100	16
3	1	21	0	0	0	1002.147993	261.826394	17.301480	26.480160	-1	###FLOW###
4	1	21	0	0	0	1002.147993	261.826394	17.301480	13.396320	-1	###LINE###
5	1	21	0	0	0	1002.15	261.83	5.59	9.44	100	3
5	1	21	0	0	1	1006.58	262.95	3.33	11.24	100	/
5	1	21	0	0	2	1008.26	265.78	11.19	9.44	100	16
4	1	21	0	1	0	1002.147993	274.900154	17.301480	13.406400	-1	###LINE###
5	1	21	0	1	0	1002.15	274.90	5.59	9.44	100	3
5	1	21	0	1	1	1006.58	276.03	3.33	11.24	100	/
5	1	21	0	1	2	1008.26	278.86	11.19	9.44	100	16
3	1	22	0	0	0	958.792296	267.728954	25.485787	10.794240	-1	###FLOW###
4	1	22	0	0	0	958.792296	267.728954	25.485787	10.794240	-1	###LINE###
5	1	22	0	0	0	958.79	267.73	25.49	10.79	100	TYP.
3	1	23	0	0	0	687.352182	282.612794	31.742040	10.794240	-1	###FLOW###
4	1	23	0	0	0	687.352182	282.612794	31.742040	10.794240	-1	###LINE###
5	1	23	0	0	0	687.35	282.61	31.74	10.79	100	p1021
3	1	24	0	0	0	463.561557	292.852394	130.161919	16.303800	-1	###FLOW###
4	1	24	0	0	0	463.561557	292.852394	130.161919	16.303800	-1	###LINE###
5	1	24	0	0	0	463.56	292.85	77.62	16.30	100	SECTION
5	1	24	0	0	1	545.16	292.85	5.79	16.30	100	-
5	1	24	0	0	2	554.89	292.85	12.56	16.30	100	C
5	1	24	0	0	3	571.44	292.85	5.79	16.30	100	-
5	1	24	0	0	4	581.16	292.85	12.56	16.30	100	C
3	1	25	0	0	0	1094.278284	177.849914	47.112050	10.794240	-1	###FLOW###
4	1	25	0	0	0	1094.278284	177.849914	47.112050	10.794240	-1	###LINE###
5	1	25	0	0	0	1094.28	177.85	47.11	10.79	100	1017FR1
3	1	26	0	0	0	902.512974	190.567994	33.433594	10.794240	-1	###FLOW###
4	1	26	0	0	0	902.512974	190.567994	33.433594	10.794240	-1	###LINE###
5	1	26	0	0	0	902.51	190.57	33.43	10.79	100	w1023
3	1	27	0	0	0	834.712890	256.208954	32.461374	24.238080	-1	###FLOW###
4	1	27	0	0	0	834.712890	256.208954	31.742040	10.794240	-1	###LINE###
5	1	27	0	0	0	834.71	256.21	31.74	10.79	100	a1005
4	1	27	0	1	0	835.432224	269.652794	31.742040	10.794240	-1	###LINE###
5	1	27	0	1	0	835.43	269.65	31.74	10.79	100	a1006
3	1	28	0	0	0	588.597900	259.215674	31.742040	10.794240	-1	###FLOW###
4	1	28	0	0	0	588.597900	259.215674	31.742040	10.794240	-1	###LINE###
5	1	28	0	0	0	588.60	259.22	31.74	10.79	100	a1005
3	1	29	0	0	0	1947.622787	128.642234	5.441572	9.107640	-1	###FLOW###
4	1	29	0	0	0	1947.622787	128.642234	5.441572	9.107640	-1	###LINE###
5	1	29	0	0	0	1947.62	128.64	5.44	9.11	100	1
3	1	30	0	0	0	1076.302941	136.783994	11.718735	13.759200	-1	###FLOW###
4	1	30	0	0	0	1076.302941	136.783994	11.718735	13.759200	-1	###LINE###
5	1	30	0	0	0	1076.30	136.78	5.59	9.44	100	1
5	1	30	0	0	1	1080.74	137.67	3.33	11.24	100	/
5	1	30	0	0	2	1082.43	141.10	5.59	9.44	100	8
3	1	31	0	0	0	956.154738	168.495674	25.485787	10.794240	-1	###FLOW###
4	1	31	0	0	0	956.154738	168.495674	25.485787	10.794240	-1	###LINE###
5	1	31	0	0	0	956.15	168.50	25.49	10.79	100	TYP.
3	1	31	1	0	0	872.746560	179.295407	13.759200	18.350529	-1	###FLOW###
4	1	31	1	0	0	872.746560	179.295407	13.759200	18.350529	-1	###LINE###
5	1	31	1	0	0	874.69	191.30	10.79	6.35	100	3
5	1	31	1	0	1	872.75	185.53	9.44	5.59	100	3
5	1	31	1	0	2	873.74	183.49	11.24	3.33	100	/
5	1	31	1	0	3	877.06	179.30	9.44	5.59	100	8
3	1	32	0	0	0	333.234330	171.732794	33.433594	10.794240	-1	###FLOW###
4	1	32	0	0	0	333.234330	171.732794	33.433594	10.794240	-1	###LINE###
5	1	32	0	0	0	333.23	171.73	33.43	10.79	100	w1025
3	1	33	0	0	0	923.750454	119.892794	18.679848	10.794240	-1	###FLOW###
4	1	33	0	0	0	923.750454	119.892794	18.679848	10.794240	-1	###LINE###
5	1	33	0	0	0	923.75	119.89	18.68	10.79	100	4'-0
3	1	34	0	0	0	666.499281	122.984474	11.708676	13.759200	-1	###FLOW###
4	1	34	0	0	0	666.499281	122.984474	11.708676	13.759200	-1	###LINE###
5	1	34	0	0	0	666.50	122.98	5.59	9.44	100	1
5	1	34	0	0	1	670.94	123.87	3.33	11.24	100	/
5	1	34	0	0	2	672.62	127.30	5.59	9.44	100	8
3	1	35	0	0	0	574.781760	176.770598	13.769280	18.351960	-1	###FLOW###
4	1	35	0	0	0	574.781760	176.770598	13.769280	18.351960	-1	###LINE###
5	1	35	0	0	0	576.74	188.77	10.79	6.35	100	3
5	1	35	0	0	1	574.78	183.01	9.44	5.59	100	3
5	1	35	0	0	2	575.66	180.96	11.24	3.33	100	/
5	1	35	0	0	3	579.11	176.77	9.44	5.59	100	8
3	1	36	0	0	0	368.772999	122.984474	11.829384	13.759200	-1	###FLOW###
4	1	36	0	0	0	368.772999	122.984474	11.829384	13.759200	-1	###LINE###
5	1	36	0	0	0	368.77	122.98	5.59	9.44	100	1
5	1	36	0	0	1	373.32	123.87	3.33	11.24	100	/
5	1	36	0	0	2	375.01	127.30	5.59	9.44	100	8
3	1	37	0	0	0	874.090962	295.497194	130.040126	16.303800	-1	###FLOW###
4	1	37	0	0	0	874.090962	295.497194	130.040126	16.303800	-1	###LINE###
5	1	37	0	0	0	874.09	295.50	77.62	16.30	100	SECTION
5	1	37	0	0	1	955.57	295.50	5.79	16.30	100	-
5	1	37	0	0	2	965.28	295.50	12.56	16.30	100	D
5	1	37	0	0	3	981.84	295.50	5.79	16.30	100	-
5	1	37	0	0	4	991.57	295.50	12.56	16.30	100	D
3	1	37	1	0	0	756.842130	344.018714	43.894506	13.769280	-1	###FLOW###
4	1	37	1	0	0	756.842130	344.018714	43.894506	13.769280	-1	###LINE###
5	1	37	1	0	0	756.84	345.97	31.38	10.79	100	13'-11
5	1	37	1	0	1	788.90	344.02	5.59	9.44	100	1
5	1	37	1	0	2	793.21	344.91	3.33	11.24	100	/
5	1	37	1	0	3	795.14	348.34	5.59	9.44	100	4
3	1	37	2	0	0	731.996562	371.496794	30.938352	13.769280	-1	###FLOW###
4	1	37	2	0	0	731.996562	371.496794	30.938352	13.769280	-1	###LINE###
5	1	37	2	0	0	732.00	373.45	18.68	10.79	100	3'-5
5	1	37	2	0	1	751.10	371.50	5.59	9.44	100	1
5	1	37	2	0	2	755.41	372.39	3.33	11.24	100	/
5	1	37	2	0	3	757.34	375.82	5.59	9.44	100	2
3	1	38	0	0	0	1014.352284	371.496794	30.828111	13.769280	-1	###FLOW###
4	1	38	0	0	0	1014.352284	371.496794	30.828111	13.769280	-1	###LINE###
5	1	38	0	0	0	1014.35	373.45	18.68	10.79	100	4'-7
5	1	38	0	0	1	1033.34	371.50	5.59	9.44	100	1
5	1	38	0	0	2	1037.66	372.39	3.33	11.24	100	/
5	1	38	0	0	3	1039.59	375.82	5.59	9.44	100	2
3	1	39	0	0	0	819.241500	431.416634	33.433594	10.794240	-1	###FLOW###
4	1	39	0	0	0	819.241500	431.416634	33.433594	10.794240	-1	###LINE###
5	1	39	0	0	0	819.24	431.42	33.43	10.79	100	w1023
3	1	40	0	0	0	2516.306209	128.642234	22.763260	9.107640	-1	###FLOW###
4	1	40	0	0	0	2516.306209	128.642234	22.763260	9.107640	-1	###LINE###
5	1	40	0	0	0	2516.31	128.64	22.76	9.11	100	A992
3	1	41	0	0	0	2001.138103	150.726074	27.041794	9.107640	-1	###FLOW###
4	1	41	0	0	0	2001.138103	150.726074	27.041794	9.107640	-1	###LINE###
5	1	41	0	0	0	2001.14	150.73	27.04	9.11	100	a1005
3	1	42	0	0	0	2042.184781	150.726074	42.722702	9.107640	-1	###FLOW###
4	1	42	0	0	0	2042.184781	150.726074	42.722702	9.107640	-1	###LINE###
5	1	42	0	0	0	2042.18	150.73	42.72	9.11	100	L3X3X3/8
3	1	43	0	0	0	2267.540243	150.726074	41.080835	9.107640	-1	###FLOW###
4	1	43	0	0	0	2267.540243	150.726074	41.080835	9.107640	-1	###LINE###
5	1	43	0	0	0	2267.54	150.73	15.90	9.11	100	5'-7
5	1	43	0	0	1	2286.10	150.73	22.52	9.11	100	3/16"
3	1	44	0	0	0	2372.300291	150.726074	10.883144	9.107640	-1	###FLOW###
4	1	44	0	0	0	2372.300291	150.726074	10.883144	9.107640	-1	###LINE###
5	1	44	0	0	0	2372.30	150.73	10.88	9.11	100	40
3	1	45	0	0	0	2413.346969	150.726074	28.641039	9.107640	-1	###FLOW###
4	1	45	0	0	0	2413.346969	150.726074	28.641039	9.107640	-1	###LINE###
5	1	45	0	0	0	2413.35	150.73	28.64	9.11	100	GALV.
3	1	46	0	0	0	2523.264766	150.726074	17.321688	9.107640	-1	###FLOW###
4	1	46	0	0	0	2523.264766	150.726074	17.321688	9.107640	-1	###LINE###
5	1	46	0	0	0	2523.26	150.73	17.32	9.11	100	A36
3	1	47	0	0	0	1955.060907	172.800194	5.441572	9.107640	-1	###FLOW###
4	1	47	0	0	0	1955.060907	172.800194	5.441572	9.107640	-1	###LINE###
5	1	47	0	0	0	1955.06	172.80	5.44	9.11	100	1
3	1	48	0	0	0	2001.138103	172.800194	27.041794	9.107640	-1	###FLOW###
4	1	48	0	0	0	2001.138103	172.800194	27.041794	9.107640	-1	###LINE###
5	1	48	0	0	0	2001.14	172.80	27.04	9.11	100	a1006
3	1	49	0	0	0	2042.184781	172.800194	42.722702	9.107640	-1	###FLOW###
4	1	49	0	0	0	2042.184781	172.800194	42.722702	9.107640	-1	###LINE###
5	1	49	0	0	0	2042.18	172.80	42.72	9.11	100	L3X3X3/8
3	1	50	0	0	0	2272.942667	172.800194	35.639263	9.107640	-1	###FLOW###
4	1	50	0	0	0	2272.942667	172.800194	35.639263	9.107640	-1	###LINE###
5	1	50	0	0	0	2272.94	172.80	15.90	9.11	100	4'-9
5	1	50	0	0	1	2291.50	172.80	17.08	9.11	100	3/8"
3	1	51	0	0	0	2372.300291	172.800194	10.883144	9.107640	-1	###FLOW###
4	1	51	0	0	0	2372.300291	172.800194	10.883144	9.107640	-1	###LINE###
5	1	51	0	0	0	2372.30	172.80	10.88	9.11	100	34
3	1	52	0	0	0	2413.346969	172.800194	28.641039	9.107640	-1	###FLOW###
4	1	52	0	0	0	2413.346969	172.800194	28.641039	9.107640	-1	###LINE###
5	1	52	0	0	0	2413.35	172.80	28.64	9.11	100	GALV.
3	1	53	0	0	0	2523.264766	172.800194	17.321688	9.107640	-1	###FLOW###
4	1	53	0	0	0	2523.264766	172.800194	17.321688	9.107640	-1	###LINE###
5	1	53	0	0	0	2523.26	172.80	17.32	9.11	100	A36
3	1	54	0	0	0	1955.060907	194.884034	5.441572	9.107640	-1	###FLOW###
4	1	54	0	0	0	1955.060907	194.884034	5.441572	9.107640	-1	###LINE###
5	1	54	0	0	0	1955.06	194.88	5.44	9.11	100	3
3	1	55	0	0	0	2001.138103	194.884034	27.041794	9.107640	-1	###FLOW###
4	1	55	0	0	0	2001.138103	194.884034	27.041794	9.107640	-1	###LINE###
5	1	55	0	0	0	2001.14	194.88	27.04	9.11	100	p1016
3	1	56	0	0	0	2042.184781	194.884034	60.641025	9.107640	-1	###FLOW###
4	1	56	0	0	0	2042.184781	194.884034	60.641025	9.107640	-1	###LINE###
5	1	56	0	0	0	2042.18	194.88	40.84	9.11	100	PL3/8"X6
5	1	56	0	0	1	2085.75	194.88	17.08	9.11	100	7/8"
3	1	57	0	0	0	2272.942667	194.884034	35.639263	9.107640	-1	###FLOW###
4	1	57	0	0	0	2272.942667	194.884034	35.639263	9.107640	-1	###LINE###
5	1	57	0	0	0	2272.94	194.88	15.90	9.11	100	0'-7
5	1	57	0	0	1	2291.50	194.88	17.08	9.11	100	3/4"
3	1	58	0	0	0	2372.300291	194.884034	10.883144	9.107640	-1	###FLOW###
4	1	58	0	0	0	2372.300291	194.884034	10.883144	9.107640	-1	###LINE###
5	1	58	0	0	0	2372.30	194.88	10.88	9.11	100	17
3	1	59	0	0	0	2413.346969	194.884034	28.641039	9.107640	-1	###FLOW###
4	1	59	0	0	0	2413.346969	194.884034	28.641039	9.107640	-1	###LINE###
5	1	59	0	0	0	2413.35	194.88	28.64	9.11	100	GALV.
3	1	60	0	0	0	2523.264766	194.884034	17.321688	9.107640	-1	###FLOW###
4	1	60	0	0	0	2523.264766	194.884034	17.321688	9.107640	-1	###LINE###
5	1	60	0	0	0	2523.26	194.88	17.32	9.11	100	A36
3	1	61	0	0	0	1955.060907	217.084514	5.441572	9.107640	-1	###FLOW###
4	1	61	0	0	0	1955.060907	217.084514	5.441572	9.107640	-1	###LINE###
5	1	61	0	0	0	1955.06	217.08	5.44	9.11	100	1
3	1	62	0	0	0	2001.138103	217.084514	27.041794	9.107640	-1	###FLOW###
4	1	62	0	0	0	2001.138103	217.084514	27.041794	9.107640	-1	###LINE###
5	1	62	0	0	0	2001.14	217.08	27.04	9.11	100	p1017
3	1	63	0	0	0	2042.184781	217.084514	60.641025	9.107640	-1	###FLOW###
4	1	63	0	0	0	2042.184781	217.084514	60.641025	9.107640	-1	###LINE###
5	1	63	0	0	0	2042.18	217.08	40.84	9.11	100	PL3/8"X6
5	1	63	0	0	1	2085.75	217.08	17.08	9.11	100	7/8"
3	1	64	0	0	0	2267.540243	217.084514	41.080835	9.107640	-1	###FLOW###
4	1	64	0	0	0	2267.540243	217.084514	41.080835	9.107640	-1	###LINE###
5	1	64	0	0	0	2267.54	217.08	15.90	9.11	100	0'-7
5	1	64	0	0	1	2286.10	217.08	22.52	9.11	100	1/16"
3	1	65	0	0	0	2377.702715	217.084514	5.441572	9.107640	-1	###FLOW###
4	1	65	0	0	0	2377.702715	217.084514	5.441572	9.107640	-1	###LINE###
5	1	65	0	0	0	2377.70	217.08	5.44	9.11	100	5
3	1	66	0	0	0	2413.346969	217.084514	28.641039	9.107640	-1	###FLOW###
4	1	66	0	0	0	2413.346969	217.084514	28.641039	9.107640	-1	###LINE###
5	1	66	0	0	0	2413.35	217.08	28.64	9.11	100	GALV.
3	1	67	0	0	0	2523.264766	217.084514	17.321688	9.107640	-1	###FLOW###
4	1	67	0	0	0	2523.264766	217.084514	17.321688	9.107640	-1	###LINE###
5	1	67	0	0	0	2523.26	217.08	17.32	9.11	100	A36
3	1	68	0	0	0	1955.060907	239.168354	5.441572	9.107640	-1	###FLOW###
4	1	68	0	0	0	1955.060907	239.168354	5.441572	9.107640	-1	###LINE###
5	1	68	0	0	0	1955.06	239.17	5.44	9.11	100	1
3	1	69	0	0	0	2001.138103	239.168354	27.041794	9.107640	-1	###FLOW###
4	1	69	0	0	0	2001.138103	239.168354	27.041794	9.107640	-1	###LINE###
5	1	69	0	0	0	2001.14	239.17	27.04	9.11	100	p1019
3	1	70	0	0	0	2042.184781	239.168354	60.641025	9.107640	-1	###FLOW###
4	1	70	0	0	0	2042.184781	239.168354	60.641025	9.107640	-1	###LINE###
5	1	70	0	0	0	2042.18	239.17	40.84	9.11	100	PL3/8"X7
5	1	70	0	0	1	2085.75	239.17	17.08	9.11	100	3/4"
3	1	71	0	0	0	2272.942667	239.168354	35.639263	9.107640	-1	###FLOW###
4	1	71	0	0	0	2272.942667	239.168354	35.639263	9.107640	-1	###LINE###
5	1	71	0	0	0	2272.94	239.17	15.90	9.11	100	0'-8
5	1	71	0	0	1	2291.50	239.17	17.08	9.11	100	1/2"
3	1	72	0	0	0	2377.702715	239.168354	5.441572	9.107640	-1	###FLOW###
4	1	72	0	0	0	2377.702715	239.168354	5.441572	9.107640	-1	###LINE###
5	1	72	0	0	0	2377.70	239.17	5.44	9.11	100	7
3	1	73	0	0	0	2413.346969	239.168354	28.641039	9.107640	-1	###FLOW###
4	1	73	0	0	0	2413.346969	239.168354	28.641039	9.107640	-1	###LINE###
5	1	73	0	0	0	2413.35	239.17	28.64	9.11	100	GALV.
3	1	74	0	0	0	2523.264766	239.168354	17.321688	9.107640	-1	###FLOW###
4	1	74	0	0	0	2523.264766	239.168354	17.321688	9.107640	-1	###LINE###
5	1	74	0	0	0	2523.26	239.17	17.32	9.11	100	A36
3	1	75	0	0	0	1955.060907	261.242474	5.441572	9.107640	-1	###FLOW###
4	1	75	0	0	0	1955.060907	261.242474	5.441572	9.107640	-1	###LINE###
5	1	75	0	0	0	1955.06	261.24	5.44	9.11	100	2
3	1	76	0	0	0	2001.138103	261.242474	27.041794	9.107640	-1	###FLOW###
4	1	76	0	0	0	2001.138103	261.242474	27.041794	9.107640	-1	###LINE###
5	1	76	0	0	0	2001.14	261.24	27.04	9.11	100	p1021
3	1	77	0	0	0	2042.184781	261.242474	60.641025	9.107640	-1	###FLOW###
4	1	77	0	0	0	2042.184781	261.242474	60.641025	9.107640	-1	###LINE###
5	1	77	0	0	0	2042.18	261.24	40.84	9.11	100	PL3/8"X7
5	1	77	0	0	1	2085.75	261.24	17.08	9.11	100	3/8"
3	1	78	0	0	0	2267.540243	261.242474	41.080835	9.107640	-1	###FLOW###
4	1	78	0	0	0	2267.540243	261.242474	41.080835	9.107640	-1	###LINE###
5	1	78	0	0	0	2267.54	261.24	21.28	9.11	100	0'-11
5	1	78	0	0	1	2291.54	261.24	17.08	9.11	100	1/4"
3	1	79	0	0	0	2372.300291	261.242474	10.883144	9.107640	-1	###FLOW###
4	1	79	0	0	0	2372.300291	261.242474	10.883144	9.107640	-1	###LINE###
5	1	79	0	0	0	2372.30	261.24	10.88	9.11	100	13
3	1	80	0	0	0	2413.346969	261.242474	28.641039	9.107640	-1	###FLOW###
4	1	80	0	0	0	2413.346969	261.242474	28.641039	9.107640	-1	###LINE###
5	1	80	0	0	0	2413.35	261.24	28.64	9.11	100	GALV.
3	1	81	0	0	0	2523.264766	261.242474	17.321688	9.107640	-1	###FLOW###
4	1	81	0	0	0	2523.264766	261.242474	17.321688	9.107640	-1	###LINE###
5	1	81	0	0	0	2523.26	261.24	17.32	9.11	100	A36
3	1	82	0	0	0	1955.060907	283.326314	5.441572	9.107640	-1	###FLOW###
4	1	82	0	0	0	1955.060907	283.326314	5.441572	9.107640	-1	###LINE###
5	1	82	0	0	0	1955.06	283.33	5.44	9.11	100	2
3	1	83	0	0	0	2001.138103	283.326314	27.041794	9.107640	-1	###FLOW###
4	1	83	0	0	0	2001.138103	283.326314	27.041794	9.107640	-1	###LINE###
5	1	83	0	0	0	2001.14	283.33	27.04	9.11	100	p1052
3	1	84	0	0	0	2042.184781	283.326314	44.316309	9.107640	-1	###FLOW###
4	1	84	0	0	0	2042.184781	283.326314	44.316309	9.107640	-1	###LINE###
5	1	84	0	0	0	2042.18	283.33	44.32	9.11	100	PL3/4"X7"
3	1	85	0	0	0	2272.942667	283.326314	35.639263	9.107640	-1	###FLOW###
4	1	85	0	0	0	2272.942667	283.326314	35.639263	9.107640	-1	###LINE###
5	1	85	0	0	0	2272.94	283.33	15.90	9.11	100	1'-6
5	1	85	0	0	1	2291.50	283.33	17.08	9.11	100	1/2"
3	1	86	0	0	0	2372.300291	283.326314	10.883144	9.107640	-1	###FLOW###
4	1	86	0	0	0	2372.300291	283.326314	10.883144	9.107640	-1	###LINE###
5	1	86	0	0	0	2372.30	283.33	10.88	9.11	100	55
3	1	87	0	0	0	2413.346969	283.326314	28.641039	9.107640	-1	###FLOW###
4	1	87	0	0	0	2413.346969	283.326314	28.641039	9.107640	-1	###LINE###
5	1	87	0	0	0	2413.35	283.33	28.64	9.11	100	GALV.
3	1	88	0	0	0	2503.583109	283.326314	36.761890	9.107640	-1	###FLOW###
4	1	88	0	0	0	2503.583109	283.326314	36.761890	9.107640	-1	###LINE###
5	1	88	0	0	0	2503.58	283.33	36.76	9.11	100	A572-50
3	1	89	0	0	0	1955.060907	305.400434	5.441572	9.107640	-1	###FLOW###
4	1	89	0	0	0	1955.060907	305.400434	5.441572	9.107640	-1	###LINE###
5	1	89	0	0	0	1955.06	305.40	5.44	9.11	100	4
3	1	90	0	0	0	1999.581970	305.400434	28.523321	9.107640	-1	###FLOW###
4	1	90	0	0	0	1999.581970	305.400434	28.523321	9.107640	-1	###LINE###
5	1	90	0	0	0	1999.58	305.40	28.52	9.11	100	w1023
3	1	91	0	0	0	2042.184781	305.400434	32.483356	9.107640	-1	###FLOW###
4	1	91	0	0	0	2042.184781	305.400434	32.483356	9.107640	-1	###LINE###
5	1	91	0	0	0	2042.18	305.40	32.48	9.11	100	W8X15
3	1	92	0	0	0	2267.540243	305.400434	41.080835	9.107640	-1	###FLOW###
4	1	92	0	0	0	2267.540243	305.400434	41.080835	9.107640	-1	###LINE###
5	1	92	0	0	0	2267.54	305.40	21.28	9.11	100	3'-11
5	1	92	0	0	1	2291.54	305.40	17.08	9.11	100	3/4"
3	1	93	0	0	0	2366.780423	305.400434	16.241683	9.107640	-1	###FLOW###
4	1	93	0	0	0	2366.780423	305.400434	16.241683	9.107640	-1	###LINE###
5	1	93	0	0	0	2366.78	305.40	16.24	9.11	100	241
3	1	94	0	0	0	2413.346969	305.400434	28.641039	9.107640	-1	###FLOW###
4	1	94	0	0	0	2413.346969	305.400434	28.641039	9.107640	-1	###LINE###
5	1	94	0	0	0	2413.35	305.40	28.64	9.11	100	GALV.
3	1	95	0	0	0	2517.744898	305.400434	22.763260	9.107640	-1	###FLOW###
4	1	95	0	0	0	2517.744898	305.400434	22.763260	9.107640	-1	###LINE###
5	1	95	0	0	0	2517.74	305.40	22.76	9.11	100	A992
3	1	96	0	0	0	1955.060907	327.484274	5.441572	9.107640	-1	###FLOW###
4	1	96	0	0	0	1955.060907	327.484274	5.441572	9.107640	-1	###LINE###
5	1	96	0	0	0	1955.06	327.48	5.44	9.11	100	1
3	1	97	0	0	0	1999.581970	327.484274	28.523321	9.107640	-1	###FLOW###
4	1	97	0	0	0	1999.581970	327.484274	28.523321	9.107640	-1	###LINE###
5	1	97	0	0	0	1999.58	327.48	28.52	9.11	100	w1025
3	1	98	0	0	0	2042.184781	327.484274	37.841895	9.107640	-1	###FLOW###
4	1	98	0	0	0	2042.184781	327.484274	37.841895	9.107640	-1	###LINE###
5	1	98	0	0	0	2042.18	327.48	37.84	9.11	100	W12X30
3	1	99	0	0	0	2262.020375	327.484274	46.480890	9.107640	-1	###FLOW###
4	1	99	0	0	0	2262.020375	327.484274	46.480890	9.107640	-1	###LINE###
5	1	99	0	0	0	2262.02	327.48	26.68	9.11	100	13'-11
5	1	99	0	0	1	2291.42	327.48	17.08	9.11	100	1/4"
3	1	100	0	0	0	2366.780423	327.484274	16.241683	9.107640	-1	###FLOW###
4	1	100	0	0	0	2366.780423	327.484274	16.241683	9.107640	-1	###LINE###
5	1	100	0	0	0	2366.78	327.48	16.24	9.11	100	417
3	1	101	0	0	0	2413.346969	327.484274	28.641039	9.107640	-1	###FLOW###
4	1	101	0	0	0	2413.346969	327.484274	28.641039	9.107640	-1	###LINE###
5	1	101	0	0	0	2413.35	327.48	28.64	9.11	100	GALV.
3	1	102	0	0	0	2517.744898	327.484274	22.763260	9.107640	-1	###FLOW###
4	1	102	0	0	0	2517.744898	327.484274	22.763260	9.107640	-1	###LINE###
5	1	102	0	0	0	2517.74	327.48	22.76	9.11	100	A992
3	1	103	0	0	0	2130.619400	370.367234	177.866015	10.906680	-1	###FLOW###
4	1	103	0	0	0	2130.619400	370.367234	177.866015	10.906680	-1	###LINE###
5	1	103	0	0	0	2130.62	370.37	37.46	10.91	100	TOTAL
5	1	103	0	0	1	2171.33	370.37	47.24	10.91	100	WEIGHT
5	1	103	0	0	2	2221.71	370.37	26.56	10.91	100	THIS
5	1	103	0	0	3	2251.52	370.37	56.97	10.91	100	DRAWING
3	1	104	0	0	0	2361.260555	371.768594	21.683255	9.107640	-1	###FLOW###
4	1	104	0	0	0	2361.260555	371.768594	21.683255	9.107640	-1	###LINE###
5	1	104	0	0	0	2361.26	371.77	21.68	9.11	100	1246
3	1	105	0	0	0	1075.073208	432.130874	31.742040	10.794240	-1	###FLOW###
4	1	105	0	0	0	1075.073208	432.130874	31.742040	10.794240	-1	###LINE###
5	1	105	0	0	0	1075.07	432.13	31.74	10.79	100	a1005
3	1	106	0	0	0	1193.751900	408.733754	21.655744	10.794240	-1	###FLOW###
4	1	106	0	0	0	1193.751900	408.733754	21.655744	10.794240	-1	###LINE###
5	1	106	0	0	0	1193.75	408.73	21.66	10.79	100	CJP
3	1	107	0	0	0	1128.466080	433.456160	13.759200	18.354456	-1	###FLOW###
4	1	107	0	0	0	1128.466080	433.456160	13.759200	18.354456	-1	###LINE###
5	1	107	0	0	0	1130.41	445.46	10.79	6.35	100	3
5	1	107	0	0	1	1128.47	439.69	9.44	5.59	100	3
5	1	107	0	0	2	1129.34	437.64	11.24	3.33	100	/
5	1	107	0	0	3	1132.78	433.46	9.44	5.59	100	8
3	1	108	0	0	0	718.300800	433.456160	13.769280	18.354456	-1	###FLOW###
4	1	108	0	0	0	718.300800	433.456160	13.769280	18.354456	-1	###LINE###
5	1	108	0	0	0	720.25	445.46	10.79	6.35	100	3
5	1	108	0	0	1	718.30	439.69	9.44	5.59	100	3
5	1	108	0	0	2	719.18	437.64	11.24	3.33	100	/
5	1	108	0	0	3	722.63	433.46	9.44	5.59	100	8
3	1	109	0	0	0	1218.597468	435.736634	31.742040	10.794240	-1	###FLOW###
4	1	109	0	0	0	1218.597468	435.736634	31.742040	10.794240	-1	###LINE###
5	1	109	0	0	0	1218.60	435.74	31.74	10.79	100	p1019
3	1	110	0	0	0	1092.702240	483.620393	13.769280	30.943551	-1	###FLOW###
4	1	110	0	0	0	1092.702240	483.620393	13.769280	30.943551	-1	###LINE###
5	1	110	0	0	0	1094.65	495.88	10.79	18.68	100	1'-3
5	1	110	0	0	1	1092.70	489.86	9.44	5.59	100	1
5	1	110	0	0	2	1093.58	487.93	11.24	3.33	100	/
5	1	110	0	0	3	1097.03	483.62	9.44	5.59	100	8
3	1	111	0	0	0	380.881644	444.733754	47.112050	10.794240	-1	###FLOW###
4	1	111	0	0	0	380.881644	444.733754	47.112050	10.794240	-1	###LINE###
5	1	111	0	0	0	380.88	444.73	47.11	10.79	100	1017FR1
3	1	112	0	0	0	1955.060907	150.726074	5.441572	9.107640	-1	###FLOW###
4	1	112	0	0	0	1955.060907	150.726074	5.441572	9.107640	-1	###LINE###
5	1	112	0	0	0	1955.06	150.73	5.44	9.11	100	1
3	1	113	0	0	0	1212.831378	371.496794	30.953913	13.769280	-1	###FLOW###
4	1	113	0	0	0	1212.831378	371.496794	30.953913	13.769280	-1	###LINE###
5	1	113	0	0	0	1212.83	373.45	18.68	10.79	100	1'-0
5	1	113	0	0	1	1231.95	371.50	5.59	9.44	100	3
5	1	113	0	0	2	1236.26	372.39	3.33	11.24	100	/
5	1	113	0	0	3	1238.19	375.82	5.59	9.44	100	4
3	1	113	1	0	0	1124.273370	401.890874	37.270042	25.320960	-1	###FLOW###
4	1	113	1	0	0	1128.109818	401.890874	33.433594	10.794240	-1	###LINE###
5	1	113	1	0	0	1128.11	401.89	33.43	10.79	100	w1023
4	1	113	1	1	0	1124.273370	416.417594	31.742040	10.794240	-1	###LINE###
5	1	113	1	1	0	1124.27	416.42	31.74	10.79	100	p1016
3	1	114	0	0	0	566.880864	433.098554	33.433594	10.794240	-1	###FLOW###
4	1	114	0	0	0	566.880864	433.098554	33.433594	10.794240	-1	###LINE###
5	1	114	0	0	0	566.88	433.10	33.43	10.79	100	w1023
3	1	115	0	0	0	2405.908849	128.642234	28.641039	9.107640	-1	###FLOW###
4	1	115	0	0	0	2405.908849	128.642234	28.641039	9.107640	-1	###LINE###
5	1	115	0	0	0	2405.91	128.64	28.64	9.11	100	GALV.
3	1	116	0	0	0	1273.107276	344.018714	11.839443	13.769280	-1	###FLOW###
4	1	116	0	0	0	1273.107276	344.018714	11.839443	13.769280	-1	###LINE###
5	1	116	0	0	0	1273.11	344.02	5.59	9.44	100	3
5	1	116	0	0	1	1277.66	344.91	3.33	11.24	100	/
5	1	116	0	0	2	1279.35	348.34	5.59	9.44	100	4
3	1	117	0	0	0	666.354480	416.774714	31.742040	10.794240	-1	###FLOW###
4	1	117	0	0	0	666.354480	416.774714	31.742040	10.794240	-1	###LINE###
5	1	117	0	0	0	666.35	416.77	31.74	10.79	100	p1017
3	1	117	1	0	0	242.278542	433.098554	33.433594	10.794240	-1	###FLOW###
4	1	117	1	0	0	242.278542	433.098554	33.433594	10.794240	-1	###LINE###
5	1	117	1	0	0	242.28	433.10	33.43	10.79	100	w1023
3	1	118	0	0	0	2042.184781	128.642234	37.841895	9.107640	-1	###FLOW###
4	1	118	0	0	0	2042.184781	128.642234	37.841895	9.107640	-1	###LINE###
5	1	118	0	0	0	2042.18	128.64	37.84	9.11	100	W12X30
3	1	119	0	0	0	1288.899360	433.456160	13.890240	18.354456	-1	###FLOW###
4	1	119	0	0	0	1288.899360	433.456160	13.890240	18.354456	-1	###LINE###
5	1	119	0	0	0	1290.98	445.46	10.79	6.35	100	3
5	1	119	0	0	1	1288.90	439.69	9.44	5.59	100	3
5	1	119	0	0	2	1289.90	437.64	11.24	3.33	100	/
5	1	119	0	0	3	1293.34	433.46	9.44	5.59	100	8
3	1	120	0	0	0	449.755020	371.496794	30.924354	13.769280	-1	###FLOW###
4	1	120	0	0	0	449.755020	371.496794	30.924354	13.769280	-1	###LINE###
5	1	120	0	0	0	449.76	373.45	18.68	10.79	100	4'-7
5	1	120	0	0	1	468.85	371.50	5.59	9.44	100	1
5	1	120	0	0	2	473.17	372.39	3.33	11.24	100	/
5	1	120	0	0	3	475.09	375.82	5.59	9.44	100	2
3	1	121	0	0	0	282.355722	373.447994	6.348408	10.794240	-1	###FLOW###
4	1	121	0	0	0	282.355722	373.447994	6.348408	10.794240	-1	###LINE###
5	1	121	0	0	0	282.36	373.45	6.35	10.79	100	2
3	1	122	0	0	0	1989.256685	128.642234	39.881927	9.107640	-1	###FLOW###
4	1	122	0	0	0	1989.256685	128.642234	39.881927	9.107640	-1	###LINE###
5	1	122	0	0	0	1989.26	128.64	39.88	9.11	100	1017FR1
3	1	123	0	0	0	1286.751510	485.168954	31.742040	10.794240	-1	###FLOW###
4	1	123	0	0	0	1286.751510	485.168954	31.742040	10.794240	-1	###LINE###
5	1	123	0	0	0	1286.75	485.17	31.74	10.79	100	p1052
3	1	123	1	0	0	1311.836856	506.895674	21.655744	10.794240	-1	###FLOW###
4	1	123	1	0	0	1311.836856	506.895674	21.655744	10.794240	-1	###LINE###
5	1	123	1	0	0	1311.84	506.90	21.66	10.79	100	CJP
3	1	124	0	0	0	675.591642	534.128954	31.742040	10.794240	-1	###FLOW###
4	1	124	0	0	0	675.591642	534.128954	31.742040	10.794240	-1	###LINE###
5	1	124	0	0	0	675.59	534.13	31.74	10.79	100	a1006
3	1	124	1	0	0	1092.702240	560.300150	13.769280	18.341610	-1	###FLOW###
4	1	124	1	0	0	1092.702240	560.300150	13.769280	18.341610	-1	###LINE###
5	1	124	1	0	0	1094.65	572.29	10.79	6.35	100	2
5	1	124	1	0	1	1092.70	566.54	9.44	5.59	100	3
5	1	124	1	0	2	1093.58	564.49	11.24	3.33	100	/
5	1	124	1	0	3	1097.03	560.30	9.44	5.59	100	8
3	1	125	0	0	0	1315.193748	553.574714	21.655744	10.794240	-1	###FLOW###
4	1	125	0	0	0	1315.193748	553.574714	21.655744	10.794240	-1	###LINE###
5	1	125	0	0	0	1315.19	553.57	21.66	10.79	100	CJP
3	1	125	1	0	0	1141.103019	564.821114	11.718735	26.490240	-1	###FLOW###
4	1	125	1	0	0	1141.103019	564.821114	11.718735	13.406400	-1	###LINE###
5	1	125	1	0	0	1141.10	564.82	5.59	9.44	100	1
5	1	125	1	0	1	1145.54	565.95	3.33	11.24	100	/
5	1	125	1	0	2	1147.23	568.78	5.59	9.44	100	4
4	1	125	1	1	0	1141.103019	577.904954	11.718735	13.406400	-1	###LINE###
5	1	125	1	1	0	1141.10	577.90	5.59	9.44	100	1
5	1	125	1	1	1	1145.54	579.03	3.33	11.24	100	/
5	1	125	1	1	2	1147.23	581.87	5.59	9.44	100	4
3	1	126	0	0	0	783.250783	589.365794	128.126236	16.303800	-1	###FLOW###
4	1	126	0	0	0	783.250783	589.365794	128.126236	16.303800	-1	###LINE###
5	1	126	0	0	0	783.25	589.37	77.62	16.30	100	SECTION
5	1	126	0	0	1	864.73	589.37	5.79	16.30	100	-
5	1	126	0	0	2	874.44	589.37	11.61	16.30	100	B
5	1	126	0	0	3	890.05	589.37	5.79	16.30	100	-
5	1	126	0	0	4	899.77	589.37	11.61	16.30	100	B
3	1	127	0	0	0	1144.311960	596.532794	41.670539	22.199040	-1	###FLOW###
4	1	127	0	0	0	1144.311960	596.532794	31.742040	10.794240	-1	###LINE###
5	1	127	0	0	0	1144.31	596.53	31.74	10.79	100	p1021
4	1	127	0	1	0	1144.311960	607.937594	41.670539	10.794240	-1	###LINE###
5	1	127	0	1	0	1144.31	607.94	41.67	10.79	100	(CTR'D)
3	1	128	0	0	0	1250.510778	601.094714	6.348408	10.794240	-1	###FLOW###
4	1	128	0	0	0	1250.510778	601.094714	6.348408	10.794240	-1	###LINE###
5	1	128	0	0	0	1250.51	601.09	6.35	10.79	100	4
3	1	129	0	0	0	1185.839226	624.938234	37.425705	13.769280	-1	###FLOW###
4	1	129	0	0	0	1185.839226	624.938234	37.425705	13.769280	-1	###LINE###
5	1	129	0	0	0	1185.84	627.01	25.03	10.79	100	13'-5
5	1	129	0	0	1	1211.30	624.94	5.59	9.44	100	3
5	1	129	0	0	2	1215.63	625.95	3.33	11.24	100	/
5	1	129	0	0	3	1217.67	629.26	5.59	9.44	100	8
3	1	130	0	0	0	296.274264	627.498554	16.487592	10.794240	-1	###FLOW###
4	1	130	0	0	0	296.274264	627.498554	16.487592	10.794240	-1	###LINE###
5	1	130	0	0	0	296.27	627.50	16.49	10.79	100	RD
3	1	131	0	0	0	1283.029242	585.585914	51.700704	23.538240	-1	###FLOW###
4	1	131	0	0	0	1283.029242	585.585914	51.700704	13.164480	-1	###LINE###
5	1	131	0	0	0	1283.03	586.94	6.35	10.79	100	2
5	1	131	0	0	1	1292.15	586.94	3.80	10.79	100	-
5	1	131	0	0	2	1298.67	585.59	11.19	9.44	100	13
5	1	131	0	0	3	1308.63	586.83	3.33	11.24	100	/
5	1	131	0	0	4	1310.55	589.31	11.19	9.44	100	16
5	1	131	0	0	5	1321.79	586.94	12.94	10.79	100	"Ø
4	1	131	0	1	0	1283.029242	598.329914	38.935665	10.794240	-1	###LINE###
5	1	131	0	1	0	1283.03	598.33	38.94	10.79	100	HOLES
3	1	132	0	0	0	1245.349842	625.543034	29.467464	13.759200	-1	###FLOW###
4	1	132	0	0	0	1245.349842	625.543034	29.467464	13.759200	-1	###LINE###
5	1	132	0	0	0	1245.35	627.50	6.35	10.79	100	1
5	1	132	0	0	1	1251.87	625.54	11.19	9.44	100	13
5	1	132	0	0	2	1261.70	626.43	3.33	11.24	100	/
5	1	132	0	0	3	1263.63	629.86	11.19	9.44	100	16
3	1	133	0	0	0	688.802268	658.061114	137.232942	13.769280	-1	###FLOW###
4	1	133	0	0	0	688.802268	658.061114	137.232942	13.769280	-1	###LINE###
5	1	133	0	0	0	688.80	660.01	25.03	10.79	100	14'-0
5	1	133	0	0	1	717.12	660.01	48.34	10.79	100	(W12X30
5	1	133	0	0	2	768.72	660.01	5.71	10.79	100	x
5	1	133	0	0	3	777.60	660.01	31.38	10.79	100	13'-11
5	1	133	0	0	4	810.50	658.06	5.59	9.44	100	1
5	1	133	0	0	5	814.70	658.95	3.33	11.24	100	/
5	1	133	0	0	6	816.74	662.39	5.59	9.44	100	4
5	1	133	0	0	7	822.23	660.01	3.80	10.79	100	)
3	1	134	0	0	0	1595.756844	666.850874	18.679848	10.794240	-1	###FLOW###
4	1	134	0	0	0	1595.756844	666.850874	18.679848	10.794240	-1	###LINE###
5	1	134	0	0	0	1595.76	666.85	18.68	10.79	100	4'-0
3	1	135	0	0	0	426.359538	702.826394	30.922602	13.759200	-1	###FLOW###
4	1	135	0	0	0	426.359538	702.826394	30.922602	13.759200	-1	###LINE###
5	1	135	0	0	0	426.36	704.77	18.68	10.79	100	4'-7
5	1	135	0	0	1	445.45	702.83	5.59	9.44	100	1
5	1	135	0	0	2	449.65	703.71	3.33	11.24	100	/
5	1	135	0	0	3	451.69	707.14	5.59	9.44	100	2
3	1	136	0	0	0	708.601080	702.826394	30.926541	13.759200	-1	###FLOW###
4	1	136	0	0	0	708.601080	702.826394	30.926541	13.759200	-1	###LINE###
5	1	136	0	0	0	708.60	704.77	18.68	10.79	100	3'-5
5	1	136	0	0	1	727.70	702.83	5.59	9.44	100	1
5	1	136	0	0	2	732.01	703.71	3.33	11.24	100	/
5	1	136	0	0	3	733.93	707.14	5.59	9.44	100	2
3	1	137	0	0	0	990.831204	702.826394	30.941898	13.759200	-1	###FLOW###
4	1	137	0	0	0	990.831204	702.826394	30.941898	13.759200	-1	###LINE###
5	1	137	0	0	0	990.83	704.77	18.68	10.79	100	4'-7
5	1	137	0	0	1	1009.94	702.83	5.59	9.44	100	1
5	1	137	0	0	2	1014.26	703.71	3.33	11.24	100	/
5	1	137	0	0	3	1016.18	707.14	5.59	9.44	100	2
3	1	138	0	0	0	1450.598331	685.186394	11.708676	13.759200	-1	###FLOW###
4	1	138	0	0	0	1450.598331	685.186394	11.708676	13.759200	-1	###LINE###
5	1	138	0	0	0	1450.60	685.19	5.59	9.44	100	1
5	1	138	0	0	1	1455.03	686.19	3.33	11.24	100	/
5	1	138	0	0	2	1456.71	689.50	5.59	9.44	100	8
3	1	139	0	0	0	1189.435896	702.826394	30.942102	13.759200	-1	###FLOW###
4	1	139	0	0	0	1189.435896	702.826394	30.942102	13.759200	-1	###LINE###
5	1	139	0	0	0	1189.44	704.77	18.68	10.79	100	1'-0
5	1	139	0	0	1	1208.55	702.83	5.59	9.44	100	3
5	1	139	0	0	2	1212.86	703.71	3.33	11.24	100	/
5	1	139	0	0	3	1214.79	707.14	5.59	9.44	100	4
3	1	139	1	0	0	1415.877672	732.249914	33.433594	10.794240	-1	###FLOW###
4	1	139	1	0	0	1415.877672	732.249914	33.433594	10.794240	-1	###LINE###
5	1	139	1	0	0	1415.88	732.25	33.43	10.79	100	w1025
3	1	139	2	0	0	1126.731248	745.161338	11.784097	11.853639	-1	###FLOW###
4	1	139	2	0	0	1126.731248	745.161338	11.784097	11.853639	-1	###LINE###
5	1	139	2	0	0	1126.73	747.57	4.23	9.44	100	3
5	1	139	2	0	1	1131.53	745.16	2.51	11.24	100	/
5	1	139	2	0	2	1134.29	746.85	4.23	9.44	100	4
3	1	140	0	0	0	646.942974	750.542170	13.877032	15.985684	-1	###FLOW###
4	1	140	0	0	0	646.942974	750.542170	13.877032	15.985684	-1	###LINE###
5	1	140	0	0	0	646.94	750.54	9.44	4.23	100	7
5	1	140	0	0	1	647.63	755.26	11.24	2.52	100	/
5	1	140	0	0	2	647.78	758.10	13.04	8.43	100	16
3	1	141	0	0	0	640.065444	747.609787	10.790935	4.804396	-1	###FLOW###
4	1	141	0	0	0	640.065444	747.609787	10.790935	4.804396	-1	###LINE###
5	1	141	0	0	0	640.07	747.61	10.79	4.80	100	3
3	1	142	0	0	0	619.904200	756.315194	9.610136	13.492800	-1	###FLOW###
4	1	142	0	0	0	619.904200	756.315194	9.610136	13.492800	-1	###LINE###
5	1	142	0	0	0	619.90	756.32	9.61	13.49	100	E
3	1	143	0	0	0	1586.633862	685.186394	37.321275	13.759200	-1	###FLOW###
4	1	143	0	0	0	1586.633862	685.186394	37.321275	13.759200	-1	###LINE###
5	1	143	0	0	0	1586.63	687.14	25.03	10.79	100	3'-11
5	1	143	0	0	1	1612.12	685.19	5.59	9.44	100	3
5	1	143	0	0	2	1616.44	686.19	3.33	11.24	100	/
5	1	143	0	0	3	1618.36	689.50	5.59	9.44	100	4
3	1	144	0	0	0	1123.945744	753.089341	4.797168	10.790914	-1	###FLOW###
4	1	144	0	0	0	1123.945744	753.089341	4.797168	10.790914	-1	###LINE###
5	1	144	0	0	0	1123.95	753.09	4.80	10.79	100	2
3	1	145	0	0	0	1576.917144	745.451834	33.433594	10.794240	-1	###FLOW###
4	1	145	0	0	0	1576.917144	745.451834	33.433594	10.794240	-1	###LINE###
5	1	145	0	0	0	1576.92	745.45	33.43	10.79	100	w1023
3	1	146	0	0	0	1506.395604	815.742554	17.422188	26.480160	-1	###FLOW###
4	1	146	0	0	0	1506.395604	815.742554	17.422188	13.406400	-1	###LINE###
5	1	146	0	0	0	1506.40	815.74	5.59	9.44	100	3
5	1	146	0	0	1	1510.94	816.87	3.33	11.24	100	/
5	1	146	0	0	2	1512.63	819.70	11.19	9.44	100	16
4	1	146	0	1	0	1506.395604	828.826394	17.422188	13.396320	-1	###LINE###
5	1	146	0	1	0	1506.40	828.83	5.59	9.44	100	3
5	1	146	0	1	1	1510.94	830.07	3.33	11.24	100	/
5	1	146	0	1	2	1512.63	832.78	11.19	9.44	100	16
3	1	147	0	0	0	1238.156502	859.453754	31.742040	10.794240	-1	###FLOW###
4	1	147	0	0	0	1238.156502	859.453754	31.742040	10.794240	-1	###LINE###
5	1	147	0	0	0	1238.16	859.45	31.74	10.79	100	p1019
3	1	147	1	0	0	1232.150634	879.579194	51.700704	23.546880	-1	###FLOW###
4	1	147	1	0	0	1232.150634	879.579194	51.700704	13.285440	-1	###LINE###
5	1	147	1	0	0	1232.15	881.05	6.35	10.79	100	2
5	1	147	1	0	1	1241.27	881.05	3.80	10.79	100	-
5	1	147	1	0	2	1247.79	879.58	11.19	9.44	100	13
5	1	147	1	0	3	1257.74	880.83	3.33	11.24	100	/
5	1	147	1	0	4	1259.67	883.42	11.19	9.44	100	16
5	1	147	1	0	5	1270.91	881.05	12.94	10.79	100	"Ø
4	1	147	1	1	0	1232.150634	892.331834	38.935665	10.794240	-1	###LINE###
5	1	147	1	1	0	1232.15	892.33	38.94	10.79	100	HOLES
3	1	148	0	0	0	1558.567622	852.297194	128.248029	16.303800	-1	###FLOW###
4	1	148	0	0	0	1558.567622	852.297194	128.248029	16.303800	-1	###LINE###
5	1	148	0	0	0	1558.57	852.30	77.62	16.30	100	SECTION
5	1	148	0	0	1	1640.17	852.30	5.79	16.30	100	-
5	1	148	0	0	2	1649.88	852.30	11.61	16.30	100	E
5	1	148	0	0	3	1665.48	852.30	5.79	16.30	100	-
5	1	148	0	0	4	1675.21	852.30	11.61	16.30	100	E
3	1	148	1	0	0	1534.910322	883.661594	30.964149	13.880160	-1	###FLOW###
4	1	148	1	0	0	1534.910322	883.661594	30.964149	13.880160	-1	###LINE###
5	1	148	1	0	0	1534.91	885.73	18.68	10.79	100	1'-6
5	1	148	1	0	1	1553.91	883.66	5.59	9.44	100	1
5	1	148	1	0	2	1558.23	884.67	3.33	11.24	100	/
5	1	148	1	0	3	1560.28	888.10	5.59	9.44	100	2
3	1	149	0	0	0	1012.559658	997.209914	12.696816	10.794240	-1	###FLOW###
4	1	149	0	0	0	1012.559658	997.209914	12.696816	10.794240	-1	###LINE###
5	1	149	0	0	0	1012.56	997.21	12.70	10.79	100	12
3	1	150	0	0	0	1434.706560	1021.947896	13.759200	18.335022	-1	###FLOW###
4	1	150	0	0	0	1434.706560	1021.947896	13.759200	18.335022	-1	###LINE###
5	1	150	0	0	0	1436.65	1033.93	10.79	6.35	100	1
5	1	150	0	0	1	1434.71	1028.19	9.44	5.59	100	1
5	1	150	0	0	2	1435.70	1026.14	11.24	3.33	100	/
5	1	150	0	0	3	1439.02	1021.95	9.44	5.59	100	2
3	1	151	0	0	0	868.795620	1012.093754	31.742040	10.794240	-1	###FLOW###
4	1	151	0	0	0	868.795620	1012.093754	31.742040	10.794240	-1	###LINE###
5	1	151	0	0	0	868.80	1012.09	31.74	10.79	100	p1016
3	1	151	1	0	0	936.623667	1044.941594	11.708676	26.480160	-1	###FLOW###
4	1	151	1	0	0	936.623667	1044.941594	11.708676	13.406400	-1	###LINE###
5	1	151	1	0	0	936.62	1044.94	5.59	9.44	100	1
5	1	151	1	0	1	941.06	1046.19	3.33	11.24	100	/
5	1	151	1	0	2	942.74	1048.90	5.59	9.44	100	4
4	1	151	1	1	0	936.623667	1058.025434	11.708676	13.396320	-1	###LINE###
5	1	151	1	1	0	936.62	1058.03	5.59	9.44	100	1
5	1	151	1	1	1	941.06	1059.27	3.33	11.24	100	/
5	1	151	1	1	2	942.74	1061.98	5.59	9.44	100	4
3	1	152	0	0	0	976.433106	1050.973754	25.485787	10.794240	-1	###FLOW###
4	1	152	0	0	0	976.433106	1050.973754	25.485787	10.794240	-1	###LINE###
5	1	152	0	0	0	976.43	1050.97	25.49	10.79	100	TYP.
3	1	153	0	0	0	1221.438200	1052.235194	11.209424	13.492800	-1	###FLOW###
4	1	153	0	0	0	1221.438200	1052.235194	11.209424	13.492800	-1	###LINE###
5	1	153	0	0	0	1221.44	1052.24	11.21	13.49	100	G
3	1	154	0	0	0	808.835978	1138.965058	17.480512	20.314244	-1	###FLOW###
4	1	154	0	0	0	816.874829	1155.047030	9.441661	4.232272	-1	###LINE###
5	1	154	0	0	0	816.87	1155.05	9.44	4.23	100	6
4	1	154	0	1	0	808.835978	1138.965058	15.517661	16.114476	-1	###LINE###
5	1	154	0	1	0	808.84	1138.97	13.04	8.43	100	11
5	1	154	0	1	1	813.11	1148.01	11.24	2.52	100	/
5	1	154	0	1	2	813.28	1150.85	9.44	4.23	100	1
3	1	155	0	0	0	801.962719	1136.169847	10.790935	4.804396	-1	###FLOW###
4	1	155	0	0	0	801.962719	1136.169847	10.790935	4.804396	-1	###LINE###
5	1	155	0	0	0	801.96	1136.17	10.79	4.80	100	2
3	1	156	0	0	0	1003.916232	1258.778714	30.943629	13.890240	-1	###FLOW###
4	1	156	0	0	0	1003.916232	1258.778714	30.943629	13.890240	-1	###LINE###
5	1	156	0	0	0	1003.92	1260.86	18.68	10.79	100	4'-7
5	1	156	0	0	1	1023.02	1258.78	5.59	9.44	100	1
5	1	156	0	0	2	1027.34	1259.79	3.33	11.24	100	/
5	1	156	0	0	3	1029.27	1263.22	5.59	9.44	100	2
3	1	157	0	0	0	1749.706560	936.023918	13.759200	18.338550	-1	###FLOW###
4	1	157	0	0	0	1749.706560	936.023918	13.759200	18.338550	-1	###LINE###
5	1	157	0	0	0	1751.78	948.01	10.79	6.35	100	1
5	1	157	0	0	1	1749.71	942.27	9.44	5.59	100	1
5	1	157	0	0	2	1750.70	940.22	11.24	3.33	100	/
5	1	157	0	0	3	1754.02	936.02	9.44	5.59	100	2
3	1	158	0	0	0	1949.395140	906.946394	23.959362	13.880160	-1	###FLOW###
4	1	158	0	0	0	1949.395140	906.946394	23.959362	13.880160	-1	###LINE###
5	1	158	0	0	0	1949.40	909.01	6.35	10.79	100	1
5	1	158	0	0	1	1955.92	906.95	5.59	9.44	100	9
5	1	158	0	0	2	1960.24	907.95	3.33	11.24	100	/
5	1	158	0	0	3	1962.17	911.38	11.19	9.44	100	16
3	1	159	0	0	0	1646.509854	955.300154	51.575106	23.546880	-1	###FLOW###
4	1	159	0	0	0	1646.509854	955.300154	51.575106	13.285440	-1	###LINE###
5	1	159	0	0	0	1646.51	956.77	6.35	10.79	100	8
5	1	159	0	0	1	1655.63	956.77	3.80	10.79	100	-
5	1	159	0	0	2	1662.16	955.30	11.19	9.44	100	15
5	1	159	0	0	3	1672.11	956.55	3.33	11.24	100	/
5	1	159	0	0	4	1674.04	959.14	11.19	9.44	100	16
5	1	159	0	0	5	1685.15	956.77	12.94	10.79	100	"Ø
4	1	159	0	1	0	1646.509854	968.052794	38.935665	10.794240	-1	###LINE###
5	1	159	0	1	0	1646.51	968.05	38.94	10.79	100	HOLES
3	1	160	0	0	0	1499.628702	1036.897754	18.364929	13.769280	-1	###FLOW###
4	1	160	0	0	0	1499.628702	1036.897754	18.364929	13.769280	-1	###LINE###
5	1	160	0	0	0	1499.63	1038.85	6.35	10.79	100	1
5	1	160	0	0	1	1506.15	1036.90	5.59	9.44	100	1
5	1	160	0	0	2	1510.47	1037.79	3.33	11.24	100	/
5	1	160	0	0	3	1512.40	1041.22	5.59	9.44	100	2
3	1	161	0	0	0	1964.147196	955.300154	51.700704	23.546880	-1	###FLOW###
4	1	161	0	0	0	1964.147196	955.300154	51.700704	13.164480	-1	###LINE###
5	1	161	0	0	0	1964.15	956.65	6.35	10.79	100	8
5	1	161	0	0	1	1973.27	956.65	3.80	10.79	100	-
5	1	161	0	0	2	1979.80	955.30	11.19	9.44	100	15
5	1	161	0	0	3	1989.76	956.55	3.33	11.24	100	/
5	1	161	0	0	4	1991.69	959.02	11.19	9.44	100	16
5	1	161	0	0	5	2002.91	956.65	12.94	10.79	100	"Ø
4	1	161	0	1	0	1964.147196	968.052794	38.935665	10.794240	-1	###LINE###
5	1	161	0	1	0	1964.15	968.05	38.94	10.79	100	HOLES
3	1	162	0	0	0	1559.276334	1031.297594	31.742040	10.794240	-1	###FLOW###
4	1	162	0	0	0	1559.276334	1031.297594	31.742040	10.794240	-1	###LINE###
5	1	162	0	0	0	1559.28	1031.30	31.74	10.79	100	p1052
3	1	163	0	0	0	1857.834198	1035.847994	31.742040	10.794240	-1	###FLOW###
4	1	163	0	0	0	1857.834198	1035.847994	31.742040	10.794240	-1	###LINE###
5	1	163	0	0	0	1857.83	1035.85	31.74	10.79	100	p1052
3	1	164	0	0	0	1814.628486	1036.897754	18.362730	13.769280	-1	###FLOW###
4	1	164	0	0	0	1814.628486	1036.897754	18.362730	13.769280	-1	###LINE###
5	1	164	0	0	0	1814.63	1038.85	6.35	10.79	100	1
5	1	164	0	0	1	1821.16	1036.90	5.59	9.44	100	1
5	1	164	0	0	2	1825.47	1037.91	3.33	11.24	100	/
5	1	164	0	0	3	1827.40	1041.22	5.59	9.44	100	2
3	1	165	0	0	0	1805.407235	1065.534194	132.093208	16.303800	-1	###FLOW###
4	1	165	0	0	0	1805.407235	1065.534194	132.093208	16.303800	-1	###LINE###
5	1	165	0	0	0	1805.41	1065.53	77.62	16.30	100	SECTION
5	1	165	0	0	1	1887.01	1065.53	5.79	16.30	100	-
5	1	165	0	0	2	1896.73	1065.53	13.54	16.30	100	G
5	1	165	0	0	3	1914.26	1065.53	5.79	16.30	100	-
5	1	165	0	0	4	1923.96	1065.53	13.54	16.30	100	G
3	1	166	0	0	0	1202.509506	1258.778714	30.955251	13.890240	-1	###FLOW###
4	1	166	0	0	0	1202.509506	1258.778714	30.955251	13.890240	-1	###LINE###
5	1	166	0	0	0	1202.51	1260.86	18.68	10.79	100	1'-0
5	1	166	0	0	1	1221.63	1258.78	5.59	9.44	100	3
5	1	166	0	0	2	1225.95	1259.79	3.33	11.24	100	/
5	1	166	0	0	3	1227.87	1263.22	5.59	9.44	100	4
3	1	166	1	0	0	1186.432962	1296.372794	21.655744	10.794240	-1	###FLOW###
4	1	166	1	0	0	1186.432962	1296.372794	21.655744	10.794240	-1	###LINE###
5	1	166	1	0	0	1186.43	1296.37	21.66	10.79	100	CJP
3	1	167	0	0	0	876.354336	1298.411834	33.433594	10.794240	-1	###FLOW###
4	1	167	0	0	0	876.354336	1298.411834	33.433594	10.794240	-1	###LINE###
5	1	167	0	0	0	876.35	1298.41	33.43	10.79	100	w1023
3	1	167	1	0	0	788.755440	1314.977594	31.742040	10.794240	-1	###FLOW###
4	1	167	1	0	0	788.755440	1314.977594	31.742040	10.794240	-1	###LINE###
5	1	167	1	0	0	788.76	1314.98	31.74	10.79	100	p1016
3	1	168	0	0	0	890.638254	1316.175674	31.742040	10.794240	-1	###FLOW###
4	1	168	0	0	0	890.638254	1316.175674	31.742040	10.794240	-1	###LINE###
5	1	168	0	0	0	890.64	1316.18	31.74	10.79	100	p1016
3	1	169	0	0	0	1131.112752	1307.178554	33.433594	10.794240	-1	###FLOW###
4	1	169	0	0	0	1131.112752	1307.178554	33.433594	10.794240	-1	###LINE###
5	1	169	0	0	0	1131.11	1307.18	33.43	10.79	100	w1023
3	1	170	0	0	0	935.746560	1313.558306	13.759200	18.328914	-1	###FLOW###
4	1	170	0	0	0	935.746560	1313.558306	13.759200	18.328914	-1	###LINE###
5	1	170	0	0	0	937.69	1325.54	10.79	6.35	100	3
5	1	170	0	0	1	935.75	1319.79	9.44	5.59	100	3
5	1	170	0	0	2	936.62	1317.75	11.24	3.33	100	/
5	1	170	0	0	3	940.06	1313.56	9.44	5.59	100	8
3	1	171	0	0	0	763.176960	1313.558306	13.769280	18.328914	-1	###FLOW###
4	1	171	0	0	0	763.176960	1313.558306	13.769280	18.328914	-1	###LINE###
5	1	171	0	0	0	765.14	1325.54	10.79	6.35	100	3
5	1	171	0	0	1	763.18	1319.79	9.44	5.59	100	3
5	1	171	0	0	2	764.06	1317.75	11.24	3.33	100	/
5	1	171	0	0	3	767.50	1313.56	9.44	5.59	100	8
3	1	172	0	0	0	1905.470094	906.946394	23.956755	13.880160	-1	###FLOW###
4	1	172	0	0	0	1905.470094	906.946394	23.956755	13.880160	-1	###LINE###
5	1	172	0	0	0	1905.47	909.01	6.35	10.79	100	3
5	1	172	0	0	1	1912.00	906.95	5.59	9.44	100	7
5	1	172	0	0	2	1916.31	907.95	3.33	11.24	100	/
5	1	172	0	0	3	1918.24	911.38	11.19	9.44	100	16
3	1	173	0	0	0	1262.786742	1224.577274	11.718735	13.890240	-1	###FLOW###
4	1	173	0	0	0	1262.786742	1224.577274	11.718735	13.890240	-1	###LINE###
5	1	173	0	0	0	1262.79	1224.58	5.59	9.44	100	3
5	1	173	0	0	1	1267.23	1225.59	3.33	11.24	100	/
5	1	173	0	0	2	1268.91	1229.02	5.59	9.44	100	4
3	1	174	0	0	0	721.674690	1258.778714	30.939690	13.890240	-1	###FLOW###
4	1	174	0	0	0	721.674690	1258.778714	30.939690	13.890240	-1	###LINE###
5	1	174	0	0	0	721.67	1260.86	18.68	10.79	100	3'-5
5	1	174	0	0	1	740.77	1258.78	5.59	9.44	100	1
5	1	174	0	0	2	745.09	1259.79	3.33	11.24	100	/
5	1	174	0	0	3	747.02	1263.22	5.59	9.44	100	2
3	1	175	0	0	0	559.436328	1313.894714	33.433594	10.794240	-1	###FLOW###
4	1	175	0	0	0	559.436328	1313.894714	33.433594	10.794240	-1	###LINE###
5	1	175	0	0	0	559.44	1313.89	33.43	10.79	100	w1023
3	1	176	0	0	0	1856.155752	906.946394	18.359016	13.880160	-1	###FLOW###
4	1	176	0	0	0	1856.155752	906.946394	18.359016	13.880160	-1	###LINE###
5	1	176	0	0	0	1856.16	909.01	6.35	10.79	100	8
5	1	176	0	0	1	1862.69	906.95	5.59	9.44	100	1
5	1	176	0	0	2	1866.99	907.95	3.33	11.24	100	/
5	1	176	0	0	3	1868.92	911.38	5.59	9.44	100	2
3	1	177	0	0	0	1249.710042	1181.263514	11.708676	13.759200	-1	###FLOW###
4	1	177	0	0	0	1249.710042	1181.263514	11.708676	13.759200	-1	###LINE###
5	1	177	0	0	0	1249.71	1181.26	5.59	9.44	100	3
5	1	177	0	0	1	1254.14	1182.15	3.33	11.24	100	/
5	1	177	0	0	2	1255.83	1185.58	5.59	9.44	100	4
3	1	178	0	0	0	746.520258	1224.577274	43.775136	13.890240	-1	###FLOW###
4	1	178	0	0	0	746.520258	1224.577274	43.775136	13.890240	-1	###LINE###
5	1	178	0	0	0	746.52	1226.65	31.38	10.79	100	13'-11
5	1	178	0	0	1	778.46	1224.58	5.59	9.44	100	1
5	1	178	0	0	2	782.77	1225.59	3.33	11.24	100	/
5	1	178	0	0	3	784.70	1229.02	5.59	9.44	100	4
3	1	179	0	0	0	401.274192	1324.930874	33.433594	10.794240	-1	###FLOW###
4	1	179	0	0	0	401.274192	1324.930874	33.433594	10.794240	-1	###LINE###
5	1	179	0	0	0	401.27	1324.93	33.43	10.79	100	w1025
3	1	180	0	0	0	1801.315098	906.946394	23.950806	13.880160	-1	###FLOW###
4	1	180	0	0	0	1801.315098	906.946394	23.950806	13.880160	-1	###LINE###
5	1	180	0	0	0	1801.32	909.01	6.35	10.79	100	3
5	1	180	0	0	1	1807.84	906.95	5.59	9.44	100	7
5	1	180	0	0	2	1812.16	907.95	3.33	11.24	100	/
5	1	180	0	0	3	1814.08	911.38	11.19	9.44	100	16
3	1	181	0	0	0	1174.885952	1164.195194	10.402576	13.492800	-1	###FLOW###
4	1	181	0	0	0	1174.885952	1164.195194	10.402576	13.492800	-1	###LINE###
5	1	181	0	0	0	1174.89	1164.20	10.40	13.49	100	C
3	1	182	0	0	0	733.435230	1181.263514	43.773405	13.759200	-1	###FLOW###
4	1	182	0	0	0	733.435230	1181.263514	43.773405	13.759200	-1	###LINE###
5	1	182	0	0	0	733.44	1183.21	31.38	10.79	100	13'-11
5	1	182	0	0	1	765.38	1181.26	5.59	9.44	100	1
5	1	182	0	0	2	769.69	1182.15	3.33	11.24	100	/
5	1	182	0	0	3	771.62	1185.58	5.59	9.44	100	4
3	1	183	0	0	0	326.155170	1306.567994	33.433594	10.794240	-1	###FLOW###
4	1	183	0	0	0	326.155170	1306.567994	33.433594	10.794240	-1	###LINE###
5	1	183	0	0	0	326.16	1306.57	33.43	10.79	100	w1023
3	1	184	0	0	0	1757.390052	906.946394	23.958258	13.880160	-1	###FLOW###
4	1	184	0	0	0	1757.390052	906.946394	23.958258	13.880160	-1	###LINE###
5	1	184	0	0	0	1757.39	909.01	6.35	10.79	100	1
5	1	184	0	0	1	1763.93	906.95	5.59	9.44	100	9
5	1	184	0	0	2	1768.23	907.95	3.33	11.24	100	/
5	1	184	0	0	3	1770.16	911.38	11.19	9.44	100	16
3	1	185	0	0	0	1285.280048	1128.799994	9.610136	13.492800	-1	###FLOW###
4	1	185	0	0	0	1285.280048	1128.799994	9.610136	13.492800	-1	###LINE###
5	1	185	0	0	0	1285.28	1128.80	9.61	13.49	100	A
3	1	186	0	0	0	1221.438200	1135.639994	11.209424	13.492800	-1	###FLOW###
4	1	186	0	0	0	1221.438200	1135.639994	11.209424	13.492800	-1	###LINE###
5	1	186	0	0	0	1221.44	1135.64	11.21	13.49	100	G
3	1	187	0	0	0	859.572792	1136.982488	18.897872	20.632708	-1	###FLOW###
4	1	187	0	0	0	862.357006	1136.982488	16.113658	13.873253	-1	###LINE###
5	1	187	0	0	0	862.36	1141.41	4.23	9.44	100	7
5	1	187	0	0	1	867.16	1138.91	2.51	11.24	100	/
5	1	187	0	0	2	869.92	1136.98	8.55	13.04	100	16
4	1	187	0	1	0	859.572792	1146.824282	4.797168	10.790914	-1	###LINE###
5	1	187	0	1	0	859.57	1146.82	4.80	10.79	100	3
3	1	188	0	0	0	869.364312	1162.999994	10.402576	13.492800	-1	###FLOW###
4	1	188	0	0	0	869.364312	1162.999994	10.402576	13.492800	-1	###LINE###
5	1	188	0	0	0	869.36	1163.00	10.40	13.49	100	D
3	1	189	0	0	0	439.433148	1258.778714	30.925692	13.890240	-1	###FLOW###
4	1	189	0	0	0	439.433148	1258.778714	30.925692	13.890240	-1	###LINE###
5	1	189	0	0	0	439.43	1260.86	18.68	10.79	100	4'-7
5	1	189	0	0	1	458.53	1258.78	5.59	9.44	100	1
5	1	189	0	0	2	462.85	1259.79	3.33	11.24	100	/
5	1	189	0	0	3	464.77	1263.22	5.59	9.44	100	2
3	1	190	0	0	0	1634.395356	906.946394	23.951502	13.759200	-1	###FLOW###
4	1	190	0	0	0	1634.395356	906.946394	23.951502	13.759200	-1	###LINE###
5	1	190	0	0	0	1634.40	908.90	6.35	10.79	100	1
5	1	190	0	0	1	1640.91	906.95	5.59	9.44	100	9
5	1	190	0	0	2	1645.23	907.95	3.33	11.24	100	/
5	1	190	0	0	3	1647.16	911.26	11.19	9.44	100	16
3	1	191	0	0	0	1258.195092	1054.452794	31.742040	10.794240	-1	###FLOW###
4	1	191	0	0	0	1258.195092	1054.452794	31.742040	10.794240	-1	###LINE###
5	1	191	0	0	0	1258.20	1054.45	31.74	10.79	100	p1052
3	1	192	0	0	0	1152.236052	1124.655674	31.742040	10.794240	-1	###FLOW###
4	1	192	0	0	0	1152.236052	1124.655674	31.742040	10.794240	-1	###LINE###
5	1	192	0	0	0	1152.24	1124.66	31.74	10.79	100	p1021
3	1	193	0	0	0	272.033850	1260.856634	6.348408	10.794240	-1	###FLOW###
4	1	193	0	0	0	272.033850	1260.856634	6.348408	10.794240	-1	###LINE###
5	1	193	0	0	0	272.03	1260.86	6.35	10.79	100	2
3	1	194	0	0	0	1590.470310	906.946394	23.948895	13.759200	-1	###FLOW###
4	1	194	0	0	0	1590.470310	906.946394	23.948895	13.759200	-1	###LINE###
5	1	194	0	0	0	1590.47	908.90	6.35	10.79	100	3
5	1	194	0	0	1	1597.00	906.95	5.59	9.44	100	7
5	1	194	0	0	2	1601.31	907.95	3.33	11.24	100	/
5	1	194	0	0	3	1603.23	911.26	11.19	9.44	100	16
3	1	195	0	0	0	1486.692353	1069.501394	126.299341	16.303800	-1	###FLOW###
4	1	195	0	0	0	1486.692353	1069.501394	126.299341	16.303800	-1	###LINE###
5	1	195	0	0	0	1486.69	1069.50	77.62	16.30	100	SECTION
5	1	195	0	0	1	1568.29	1069.50	5.79	16.30	100	-
5	1	195	0	0	2	1578.00	1069.50	10.63	16.30	100	F
5	1	195	0	0	3	1592.53	1069.50	5.79	16.30	100	-
5	1	195	0	0	4	1602.36	1069.50	10.63	16.30	100	F
3	1	196	0	0	0	363.834570	1125.369914	33.433594	10.794240	-1	###FLOW###
4	1	196	0	0	0	363.834570	1125.369914	33.433594	10.794240	-1	###LINE###
5	1	196	0	0	0	363.83	1125.37	33.43	10.79	100	w1025
3	1	197	0	0	0	619.904200	1141.875194	9.610136	13.492800	-1	###FLOW###
4	1	197	0	0	0	619.904200	1141.875194	9.610136	13.492800	-1	###LINE###
5	1	197	0	0	0	619.90	1141.88	9.61	13.49	100	E
3	1	198	0	0	0	1541.155968	906.946394	18.351156	13.759200	-1	###FLOW###
4	1	198	0	0	0	1541.155968	906.946394	18.351156	13.759200	-1	###LINE###
5	1	198	0	0	0	1541.16	908.90	6.35	10.79	100	8
5	1	198	0	0	1	1547.68	906.95	5.59	9.44	100	1
5	1	198	0	0	2	1551.99	907.95	3.33	11.24	100	/
5	1	198	0	0	3	1553.91	911.26	5.59	9.44	100	2
3	1	199	0	0	0	1434.706560	935.913269	13.759200	18.335019	-1	###FLOW###
4	1	199	0	0	0	1434.706560	935.913269	13.759200	18.335019	-1	###LINE###
5	1	199	0	0	0	1436.65	947.90	10.79	6.35	100	1
5	1	199	0	0	1	1434.71	942.27	9.44	5.59	100	1
5	1	199	0	0	2	1435.70	940.22	11.24	3.33	100	/
5	1	199	0	0	3	1439.02	935.91	9.44	5.59	100	2
3	1	200	0	0	0	1314.973440	948.048314	10.794240	18.679848	-1	###FLOW###
4	1	200	0	0	0	1314.973440	948.048314	10.794240	18.679848	-1	###LINE###
5	1	200	0	0	0	1314.97	948.05	10.79	18.68	100	4'-0
3	1	201	0	0	0	1411.695360	984.974126	10.794240	6.348408	-1	###FLOW###
4	1	201	0	0	0	1411.695360	984.974126	10.794240	6.348408	-1	###LINE###
5	1	201	0	0	0	1411.70	984.97	10.79	6.35	100	7
3	1	202	0	0	0	941.008804	985.174475	12.051232	11.669502	-1	###FLOW###
4	1	202	0	0	0	941.008804	985.174475	12.051232	11.669502	-1	###LINE###
5	1	202	0	0	0	941.01	985.17	9.44	4.23	100	7
5	1	202	0	0	1	941.82	990.07	11.24	2.51	100	/
5	1	202	0	0	2	941.72	992.62	9.44	4.23	100	8
3	1	203	0	0	0	787.796328	1007.773754	31.742040	10.794240	-1	###FLOW###
4	1	203	0	0	0	787.796328	1007.773754	31.742040	10.794240	-1	###LINE###
5	1	203	0	0	0	787.80	1007.77	31.74	10.79	100	p1016
3	1	204	0	0	0	706.797036	1009.419674	24.814152	13.890240	-1	###FLOW###
4	1	204	0	0	0	706.797036	1009.419674	24.814152	13.890240	-1	###LINE###
5	1	204	0	0	0	706.80	1011.49	12.70	10.79	100	10
5	1	204	0	0	1	719.78	1009.42	5.59	9.44	100	3
5	1	204	0	0	2	724.10	1010.43	3.33	11.24	100	/
5	1	204	0	0	3	726.02	1013.86	5.59	9.44	100	8
3	1	205	0	0	0	1206.471552	934.061594	18.352524	13.769280	-1	###FLOW###
4	1	205	0	0	0	1206.471552	934.061594	18.352524	13.769280	-1	###LINE###
5	1	205	0	0	0	1206.47	936.02	6.35	10.79	100	2
5	1	205	0	0	1	1212.98	934.06	5.59	9.44	100	1
5	1	205	0	0	2	1217.30	934.95	3.33	11.24	100	/
5	1	205	0	0	3	1219.23	938.39	5.59	9.44	100	4
3	1	206	0	0	0	1145.295360	964.693417	10.794240	33.708277	-1	###FLOW###
4	1	206	0	0	0	1145.295360	964.693417	10.794240	33.708277	-1	###LINE###
5	1	206	0	0	0	1145.30	964.69	10.79	33.71	100	w1023
3	1	207	0	0	0	982.097212	953.017899	9.597524	14.873037	-1	###FLOW###
4	1	207	0	0	0	982.097212	953.017899	9.597524	14.873037	-1	###LINE###
5	1	207	0	0	0	982.10	953.02	9.60	14.87	100	a1
3	1	208	0	0	0	690.255360	981.628652	10.794240	12.696816	-1	###FLOW###
4	1	208	0	0	0	690.255360	981.628652	10.794240	12.696816	-1	###LINE###
5	1	208	0	0	0	690.26	981.63	10.79	12.70	100	12
3	1	209	0	0	0	748.071216	962.277906	11.791888	11.911094	-1	###FLOW###
4	1	209	0	0	0	748.071216	962.277906	11.791888	11.911094	-1	###LINE###
5	1	209	0	0	0	748.07	964.75	4.23	9.44	100	7
5	1	209	0	0	1	752.98	962.28	2.52	11.24	100	/
5	1	209	0	0	2	755.63	964.03	4.23	9.44	100	8
3	1	210	0	0	0	1118.393100	933.103994	29.580216	13.759200	-1	###FLOW###
4	1	210	0	0	0	1118.393100	933.103994	29.580216	13.759200	-1	###LINE###
5	1	210	0	0	0	1118.39	935.05	6.35	10.79	100	3
5	1	210	0	0	1	1124.91	933.10	11.19	9.44	100	13
5	1	210	0	0	2	1134.86	934.11	3.33	11.24	100	/
5	1	210	0	0	3	1136.79	937.42	11.19	9.44	100	16
3	1	211	0	0	0	991.698000	940.527614	14.397956	19.077118	-1	###FLOW###
4	1	211	0	0	0	1001.298788	940.527614	4.797168	10.790914	-1	###LINE###
5	1	211	0	0	0	1001.30	940.53	4.80	10.79	100	5
4	1	211	0	1	0	991.698000	944.609737	9.597600	14.994995	-1	###LINE###
5	1	211	0	1	0	991.70	944.61	9.60	14.99	100	00
3	1	212	0	0	0	1040.739840	963.867230	13.890240	24.817746	-1	###FLOW###
4	1	212	0	0	0	1040.739840	963.867230	13.890240	24.817746	-1	###LINE###
5	1	212	0	0	0	1042.81	975.99	10.79	12.70	100	10
5	1	212	0	0	1	1040.74	970.11	9.44	5.59	100	3
5	1	212	0	0	2	1041.74	968.06	11.24	3.33	100	/
5	1	212	0	0	3	1045.19	963.87	9.44	5.59	100	8
3	1	213	0	0	0	822.735360	932.414731	10.794240	33.708277	-1	###FLOW###
4	1	213	0	0	0	822.735360	932.414731	10.794240	33.708277	-1	###LINE###
5	1	213	0	0	0	822.74	932.41	10.79	33.71	100	w1023
3	1	214	0	0	0	580.815360	941.412115	10.794240	33.708277	-1	###FLOW###
4	1	214	0	0	0	580.815360	941.412115	10.794240	33.708277	-1	###LINE###
5	1	214	0	0	0	580.82	941.41	10.79	33.71	100	w1023
3	1	215	0	0	0	257.656320	941.412115	10.794240	33.708277	-1	###FLOW###
4	1	215	0	0	0	257.656320	941.412115	10.794240	33.708277	-1	###LINE###
5	1	215	0	0	0	257.66	941.41	10.79	33.71	100	w1023
3	1	216	0	0	0	707.150283	926.525242	27.364833	24.004698	-1	###FLOW###
4	1	216	0	0	0	723.724181	945.725544	10.790935	4.804396	-1	###LINE###
5	1	216	0	0	0	723.72	945.73	10.79	4.80	100	6
4	1	216	0	1	0	715.437232	936.125393	14.995388	9.604615	-1	###LINE###
5	1	216	0	1	0	715.44	936.13	15.00	9.60	100	00
4	1	216	0	2	0	707.150283	926.525242	14.873431	9.604328	-1	###LINE###
5	1	216	0	2	0	707.15	926.53	14.87	9.60	100	a1
3	1	217	0	0	0	639.716286	932.536634	31.742040	10.794240	-1	###FLOW###
4	1	217	0	0	0	639.716286	932.536634	31.742040	10.794240	-1	###LINE###
5	1	217	0	0	0	639.72	932.54	31.74	10.79	100	p1017
3	1	218	0	0	0	1486.315314	906.946394	23.942946	13.759200	-1	###FLOW###
4	1	218	0	0	0	1486.315314	906.946394	23.942946	13.759200	-1	###LINE###
5	1	218	0	0	0	1486.32	908.90	6.35	10.79	100	3
5	1	218	0	0	1	1492.72	906.95	5.59	9.44	100	7
5	1	218	0	0	2	1497.03	907.95	3.33	11.24	100	/
5	1	218	0	0	3	1499.07	911.26	11.19	9.44	100	16
3	1	219	0	0	0	1751.777280	976.330700	10.794240	23.875038	-1	###FLOW###
4	1	219	0	0	0	1751.777280	976.330700	10.794240	23.875038	-1	###LINE###
5	1	219	0	0	0	1751.78	993.86	10.79	6.35	100	2
5	1	219	0	0	1	1751.78	976.33	10.79	6.35	100	2
3	1	220	0	0	0	1442.390268	906.946394	23.950398	13.759200	-1	###FLOW###
4	1	220	0	0	0	1442.390268	906.946394	23.950398	13.759200	-1	###LINE###
5	1	220	0	0	0	1442.39	908.90	6.35	10.79	100	1
5	1	220	0	0	1	1448.92	906.95	5.59	9.44	100	9
5	1	220	0	0	2	1453.23	907.95	3.33	11.24	100	/
5	1	220	0	0	3	1455.16	911.26	11.19	9.44	100	16
3	1	221	0	0	0	1222.879000	912.439994	8.803288	13.492800	-1	###FLOW###
4	1	221	0	0	0	1222.879000	912.439994	8.803288	13.492800	-1	###LINE###
5	1	221	0	0	0	1222.88	912.44	8.80	13.49	100	F
3	1	222	0	0	0	1849.910106	883.782554	30.972009	13.759200	-1	###FLOW###
4	1	222	0	0	0	1849.910106	883.782554	30.972009	13.759200	-1	###LINE###
5	1	222	0	0	0	1849.91	885.73	18.68	10.79	100	1'-6
5	1	222	0	0	1	1869.04	883.78	5.59	9.44	100	1
5	1	222	0	0	2	1873.36	884.67	3.33	11.24	100	/
5	1	222	0	0	3	1875.29	888.10	5.59	9.44	100	2
3	1	223	0	0	0	1726.698240	985.099724	10.794240	6.348408	-1	###FLOW###
4	1	223	0	0	0	1726.698240	985.099724	10.794240	6.348408	-1	###LINE###
5	1	223	0	0	0	1726.70	985.10	10.79	6.35	100	7
3	1	224	0	0	0	1107.237714	898.690874	31.742040	10.794240	-1	###FLOW###
4	1	224	0	0	0	1107.237714	898.690874	31.742040	10.794240	-1	###LINE###
5	1	224	0	0	0	1107.24	898.69	31.74	10.79	100	p1016
3	1	225	0	0	0	1351.398360	849.439994	9.610136	13.492800	-1	###FLOW###
4	1	225	0	0	0	1351.398360	849.439994	9.610136	13.492800	-1	###LINE###
5	1	225	0	0	0	1351.40	849.44	9.61	13.49	100	B
3	1	226	0	0	0	1671.949158	814.329914	31.742040	10.794240	-1	###FLOW###
4	1	226	0	0	0	1671.949158	814.329914	31.742040	10.794240	-1	###LINE###
5	1	226	0	0	0	1671.95	814.33	31.74	10.79	100	a1006
3	1	227	0	0	0	1551.831798	821.771834	25.485787	10.794240	-1	###FLOW###
4	1	227	0	0	0	1551.831798	821.771834	25.485787	10.794240	-1	###LINE###
5	1	227	0	0	0	1551.83	821.77	25.49	10.79	100	TYP.
3	1	228	0	0	0	1436.647680	976.330700	10.794240	23.749440	-1	###FLOW###
4	1	228	0	0	0	1436.647680	976.330700	10.794240	23.749440	-1	###LINE###
5	1	228	0	0	0	1436.65	993.73	10.79	6.35	100	2
5	1	228	0	0	1	1436.65	976.33	10.79	6.35	100	2
3	1	229	0	0	0	736.072788	856.688954	25.485787	10.794240	-1	###FLOW###
4	1	229	0	0	0	736.072788	856.688954	25.485787	10.794240	-1	###LINE###
5	1	229	0	0	0	736.07	856.69	25.49	10.79	100	TYP.
3	1	230	0	0	0	696.253803	863.864474	11.718735	13.406400	-1	###FLOW###
4	1	230	0	0	0	696.253803	863.864474	11.718735	13.406400	-1	###LINE###
5	1	230	0	0	0	696.25	863.86	5.59	9.44	100	1
5	1	230	0	0	1	700.70	864.99	3.33	11.24	100	/
5	1	230	0	0	2	702.38	867.83	5.59	9.44	100	4
3	1	231	0	0	0	1288.183680	851.478023	13.759200	29.569467	-1	###FLOW###
4	1	231	0	0	0	1288.183680	851.478023	13.759200	29.569467	-1	###LINE###
5	1	231	0	0	0	1290.25	874.70	10.79	6.35	100	1
5	1	231	0	0	1	1288.18	863.36	9.44	11.19	100	15
5	1	231	0	0	2	1289.18	861.26	11.24	3.33	100	/
5	1	231	0	0	3	1292.50	851.48	9.44	11.19	100	16
3	1	232	0	0	0	226.666656	849.439994	9.610136	13.492800	-1	###FLOW###
4	1	232	0	0	0	226.666656	849.439994	9.610136	13.492800	-1	###LINE###
5	1	232	0	0	0	226.67	849.44	9.61	13.49	100	B
3	1	233	0	0	0	225.586056	1128.799994	9.610136	13.492800	-1	###FLOW###
4	1	233	0	0	0	225.586056	1128.799994	9.610136	13.492800	-1	###LINE###
5	1	233	0	0	0	225.59	1128.80	9.61	13.49	100	A
3	1	234	0	0	0	1767.711924	736.811834	47.112050	10.794240	-1	###FLOW###
4	1	234	0	0	0	1767.711924	736.811834	47.112050	10.794240	-1	###LINE###
5	1	234	0	0	0	1767.71	736.81	47.11	10.79	100	1017FR1
3	1	235	0	0	0	1288.183680	790.389716	13.759200	23.930982	-1	###FLOW###
4	1	235	0	0	0	1288.183680	790.389716	13.759200	23.930982	-1	###LINE###
5	1	235	0	0	0	1290.25	807.97	10.79	6.35	100	3
5	1	235	0	0	1	1288.18	802.23	9.44	5.59	100	5
5	1	235	0	0	2	1289.18	800.18	11.24	3.33	100	/
5	1	235	0	0	3	1292.50	790.39	9.44	11.19	100	16
3	1	236	0	0	0	352.199628	788.294714	47.112050	10.794240	-1	###FLOW###
4	1	236	0	0	0	352.199628	788.294714	47.112050	10.794240	-1	###LINE###
5	1	236	0	0	0	352.20	788.29	47.11	10.79	100	1017FR1
3	1	237	0	0	0	1657.790838	714.370874	31.742040	10.794240	-1	###FLOW###
4	1	237	0	0	0	1657.790838	714.370874	31.742040	10.794240	-1	###LINE###
5	1	237	0	0	0	1657.79	714.37	31.74	10.79	100	p1017
3	1	238	0	0	0	1553.750022	718.932794	25.485787	10.794240	-1	###FLOW###
4	1	238	0	0	0	1553.750022	718.932794	25.485787	10.794240	-1	###LINE###
5	1	238	0	0	0	1553.75	718.93	25.49	10.79	100	TYP.
3	1	239	0	0	0	1265.639628	750.013754	33.774444	27.475200	-1	###FLOW###
4	1	239	0	0	0	1265.639628	750.013754	31.742040	10.794240	-1	###LINE###
5	1	239	0	0	0	1265.64	750.01	31.74	10.79	100	p1021
4	1	239	0	1	0	1267.672032	766.694714	31.742040	10.794240	-1	###LINE###
5	1	239	0	1	0	1267.67	766.69	31.74	10.79	100	p1052
3	1	240	0	0	0	1222.879000	761.355194	8.803288	13.492800	-1	###FLOW###
4	1	240	0	0	0	1222.879000	761.355194	8.803288	13.492800	-1	###LINE###
5	1	240	0	0	0	1222.88	761.36	8.80	13.49	100	F
3	1	241	0	0	0	1174.885952	764.839994	10.402576	13.492800	-1	###FLOW###
4	1	241	0	0	0	1174.885952	764.839994	10.402576	13.492800	-1	###LINE###
5	1	241	0	0	0	1174.89	764.84	10.40	13.49	100	C
3	1	242	0	0	0	869.364312	765.790394	10.402576	13.492800	-1	###FLOW###
4	1	242	0	0	0	869.364312	765.790394	10.402576	13.492800	-1	###LINE###
5	1	242	0	0	0	869.36	765.79	10.40	13.49	100	D
3	1	243	0	0	0	1508.316873	725.980154	17.422188	13.406400	-1	###FLOW###
4	1	243	0	0	0	1508.316873	725.980154	17.422188	13.406400	-1	###LINE###
5	1	243	0	0	0	1508.32	725.98	5.59	9.44	100	3
5	1	243	0	0	1	1512.87	727.11	3.33	11.24	100	/
5	1	243	0	0	2	1514.55	729.94	11.19	9.44	100	16
3	1	244	0	0	0	1748.324613	685.186394	11.708676	13.759200	-1	###FLOW###
4	1	244	0	0	0	1748.324613	685.186394	11.708676	13.759200	-1	###LINE###
5	1	244	0	0	0	1748.32	685.19	5.59	9.44	100	1
5	1	244	0	0	1	1752.76	686.19	3.33	11.24	100	/
5	1	244	0	0	2	1754.44	689.50	5.59	9.44	100	8
3	1	245	0	0	0	1749.706560	1021.947896	13.759200	18.460620	-1	###FLOW###
4	1	245	0	0	0	1749.706560	1021.947896	13.759200	18.460620	-1	###LINE###
5	1	245	0	0	0	1751.78	1034.06	10.79	6.35	100	1
5	1	245	0	0	1	1749.71	1028.32	9.44	5.59	100	1
5	1	245	0	0	2	1750.70	1026.26	11.24	3.33	100	/
5	1	245	0	0	3	1754.02	1021.95	9.44	5.59	100	2
3	1	246	0	0	0	258.960240	704.774714	6.348408	10.794240	-1	###FLOW###
4	1	246	0	0	0	258.960240	704.774714	6.348408	10.794240	-1	###LINE###
5	1	246	0	0	0	258.96	704.77	6.35	10.79	100	2
3	1	247	0	0	0	1249.710042	680.025434	11.708676	13.759200	-1	###FLOW###
4	1	247	0	0	0	1249.710042	680.025434	11.708676	13.759200	-1	###LINE###
5	1	247	0	0	0	1249.71	680.03	5.59	9.44	100	3
5	1	247	0	0	1	1254.14	681.03	3.33	11.24	100	/
5	1	247	0	0	2	1255.83	684.34	5.59	9.44	100	4
3	1	248	0	0	0	1667.625120	734.180024	13.759200	18.346458	-1	###FLOW###
4	1	248	0	0	0	1667.625120	734.180024	13.759200	18.346458	-1	###LINE###
5	1	248	0	0	0	1669.57	746.18	10.79	6.35	100	3
5	1	248	0	0	1	1667.63	740.43	9.44	5.59	100	3
5	1	248	0	0	2	1668.50	738.38	11.24	3.33	100	/
5	1	248	0	0	3	1671.94	734.18	9.44	5.59	100	8
3	1	249	0	0	0	733.435230	680.025434	43.773405	13.759200	-1	###FLOW###
4	1	249	0	0	0	733.435230	680.025434	43.773405	13.759200	-1	###LINE###
5	1	249	0	0	0	733.44	681.98	31.38	10.79	100	13'-11
5	1	249	0	0	1	765.38	680.03	5.59	9.44	100	1
5	1	249	0	0	2	769.69	681.03	3.33	11.24	100	/
5	1	249	0	0	3	771.62	684.34	5.59	9.44	100	4
3	1	250	0	0	0	1109.979360	1363.722539	13.769280	30.918009	-1	###FLOW###
4	1	250	0	0	0	1109.979360	1363.722539	13.769280	30.918009	-1	###LINE###
5	1	250	0	0	0	1111.93	1375.96	10.79	18.68	100	1'-3
5	1	250	0	0	1	1109.98	1370.08	9.44	5.59	100	1
5	1	250	0	0	2	1110.98	1368.03	11.24	3.33	100	/
5	1	250	0	0	3	1114.30	1363.72	9.44	5.59	100	8
3	1	251	0	0	0	1283.988354	1343.777594	31.742040	10.794240	-1	###FLOW###
4	1	251	0	0	0	1283.988354	1343.777594	31.742040	10.794240	-1	###LINE###
5	1	251	0	0	0	1283.99	1343.78	31.74	10.79	100	p1052
3	1	252	0	0	0	901.553862	1419.129914	31.742040	10.794240	-1	###FLOW###
4	1	252	0	0	0	901.553862	1419.129914	31.742040	10.794240	-1	###LINE###
5	1	252	0	0	0	901.55	1419.13	31.74	10.79	100	a1005
3	1	252	1	0	0	1289.035110	1430.407994	21.655744	10.794240	-1	###FLOW###
4	1	252	1	0	0	1289.035110	1430.407994	21.655744	10.794240	-1	###LINE###
5	1	252	1	0	0	1289.04	1430.41	21.66	10.79	100	CJP
3	1	253	0	0	0	1109.979360	1440.402296	13.769280	18.316068	-1	###FLOW###
4	1	253	0	0	0	1109.979360	1440.402296	13.769280	18.316068	-1	###LINE###
5	1	253	0	0	0	1111.93	1452.37	10.79	6.35	100	2
5	1	253	0	0	1	1109.98	1446.64	9.44	5.59	100	3
5	1	253	0	0	2	1110.98	1444.59	11.24	3.33	100	/
5	1	253	0	0	3	1114.30	1440.40	9.44	5.59	100	8
3	1	254	0	0	0	782.155836	1418.058554	31.742040	10.794240	-1	###FLOW###
4	1	254	0	0	0	782.155836	1418.058554	31.742040	10.794240	-1	###LINE###
5	1	254	0	0	0	782.16	1418.06	31.74	10.79	100	a1006
3	1	255	0	0	0	1300.076316	1380.733754	21.655744	10.794240	-1	###FLOW###
4	1	255	0	0	0	1300.076316	1380.733754	21.655744	10.794240	-1	###LINE###
5	1	255	0	0	0	1300.08	1380.73	21.66	10.79	100	CJP
3	1	256	0	0	0	752.280563	1474.608194	128.126236	16.303800	-1	###FLOW###
4	1	256	0	0	0	752.280563	1474.608194	128.126236	16.303800	-1	###LINE###
5	1	256	0	0	0	752.28	1474.61	77.62	16.30	100	SECTION
5	1	256	0	0	1	833.76	1474.61	5.79	16.30	100	-
5	1	256	0	0	2	843.49	1474.61	11.61	16.30	100	A
5	1	256	0	0	3	859.08	1474.61	5.79	16.30	100	-
5	1	256	0	0	4	868.80	1474.61	11.61	16.30	100	A
3	1	256	1	0	0	285.963810	1509.492794	16.487592	10.794240	-1	###FLOW###
4	1	256	1	0	0	285.963810	1509.492794	16.487592	10.794240	-1	###LINE###
5	1	256	1	0	0	285.96	1509.49	16.49	10.79	100	RD
3	1	257	0	0	0	1067.274714	1466.649914	41.670539	22.199040	-1	###FLOW###
4	1	257	0	0	0	1067.274714	1466.649914	31.742040	10.794240	-1	###LINE###
5	1	257	0	0	0	1067.27	1466.65	31.74	10.79	100	p1021
4	1	257	0	1	0	1067.274714	1478.054714	41.670539	10.794240	-1	###LINE###
5	1	257	0	1	0	1067.27	1478.05	41.67	10.79	100	(CTR'D)
3	1	258	0	0	0	1137.472578	1480.901594	75.351111	39.805920	-1	###FLOW###
4	1	258	0	0	0	1137.472578	1480.901594	51.575106	13.164480	-1	###LINE###
5	1	258	0	0	0	1137.47	1482.25	6.35	10.79	100	2
5	1	258	0	0	1	1146.47	1482.25	3.80	10.79	100	-
5	1	258	0	0	2	1153.10	1480.90	11.19	9.44	100	13
5	1	258	0	0	3	1162.95	1482.15	3.33	11.24	100	/
5	1	258	0	0	4	1164.98	1484.62	11.19	9.44	100	16
5	1	258	0	0	5	1176.11	1482.25	12.94	10.79	100	"Ø
4	1	258	0	1	0	1137.472578	1493.652794	38.935665	10.794240	-1	###LINE###
5	1	258	0	1	0	1137.47	1493.65	38.94	10.79	100	HOLES
4	1	258	0	2	0	1175.391756	1506.938234	37.431933	13.769280	-1	###LINE###
5	1	258	0	2	0	1175.39	1508.89	25.03	10.79	100	13'-5
5	1	258	0	2	1	1200.98	1506.94	5.59	9.44	100	3
5	1	258	0	2	2	1205.30	1507.83	3.33	11.24	100	/
5	1	258	0	2	3	1207.23	1511.26	5.59	9.44	100	8
3	1	259	0	0	0	1240.074726	1470.255674	6.348408	10.794240	-1	###FLOW###
4	1	259	0	0	0	1240.074726	1470.255674	6.348408	10.794240	-1	###LINE###
5	1	259	0	0	0	1240.07	1470.26	6.35	10.79	100	4
3	1	260	0	0	0	1275.269961	1458.221594	11.708676	26.480160	-1	###FLOW###
4	1	260	0	0	0	1275.269961	1458.221594	11.708676	13.406400	-1	###LINE###
5	1	260	0	0	0	1275.27	1458.22	5.59	9.44	100	1
5	1	260	0	0	1	1279.71	1459.35	3.33	11.24	100	/
5	1	260	0	0	2	1281.39	1462.18	5.59	9.44	100	4
4	1	260	0	1	0	1275.269961	1471.305434	11.708676	13.396320	-1	###LINE###
5	1	260	0	1	0	1275.27	1471.31	5.59	9.44	100	1
5	1	260	0	1	1	1279.71	1472.43	3.33	11.24	100	/
5	1	260	0	1	2	1281.39	1475.26	5.59	9.44	100	4
3	1	261	0	0	0	1234.913790	1507.422074	29.582982	13.880160	-1	###FLOW###
4	1	261	0	0	0	1234.913790	1507.422074	29.582982	13.880160	-1	###LINE###
5	1	261	0	0	0	1234.91	1509.49	6.35	10.79	100	1
5	1	261	0	0	1	1241.43	1507.42	11.19	9.44	100	13
5	1	261	0	0	2	1251.38	1508.43	3.33	11.24	100	/
5	1	261	0	0	3	1253.31	1511.86	11.19	9.44	100	16
3	1	262	0	0	0	1979.583540	1520.412194	103.025032	9.679800	-1	###FLOW###
4	1	262	0	0	0	1979.583540	1520.412194	103.025032	9.679800	-1	###LINE###
5	1	262	0	0	0	1979.58	1520.41	55.29	9.56	100	ELECTRODES
5	1	262	0	0	1	2037.05	1520.41	2.27	9.56	100	:
5	1	262	0	0	2	2048.00	1520.53	18.22	9.56	100	E70
5	1	262	0	0	3	2068.99	1520.53	13.62	9.56	100	XX
3	1	263	0	0	0	1695.648712	1521.013994	45.763316	9.557400	-1	###FLOW###
4	1	263	0	0	0	1695.648712	1521.013994	45.763316	9.557400	-1	###LINE###
5	1	263	0	0	0	1695.65	1521.01	18.58	9.56	100	REF.
5	1	263	0	0	1	1716.50	1521.01	24.92	9.56	100	DWG:-
3	1	264	0	0	0	675.487981	1541.564474	248.372013	17.090880	-1	###FLOW###
4	1	264	0	0	0	675.487981	1541.564474	248.372013	17.090880	-1	###LINE###
5	1	264	0	0	0	675.49	1541.56	46.49	17.09	100	ONE
5	1	264	0	0	1	727.95	1541.56	7.15	17.09	100	-
5	1	264	0	0	2	741.08	1541.56	75.11	17.09	100	FRAME
5	1	264	0	0	3	822.10	1541.56	7.15	17.09	100	-
5	1	264	0	0	4	835.30	1541.56	88.56	17.09	100	1017FR1
3	1	265	0	0	0	1980.178928	1547.176994	31.339642	9.557400	-1	###FLOW###
4	1	265	0	0	0	1980.178928	1547.176994	31.339642	9.557400	-1	###LINE###
5	1	265	0	0	0	1980.18	1547.18	26.80	9.56	100	FINISH
5	1	265	0	0	1	2009.25	1547.18	2.27	9.56	100	:
3	1	266	0	0	0	2031.074600	1546.697594	53.505809	9.557400	-1	###FLOW###
4	1	266	0	0	0	2031.074600	1546.697594	53.505809	9.557400	-1	###LINE###
5	1	266	0	0	0	2031.07	1546.70	28.03	9.56	100	SSPC
5	1	266	0	0	1	2061.79	1546.70	22.79	9.56	100	SP-2
3	1	267	0	0	0	2149.679587	1538.463674	293.252963	32.357400	-1	###FLOW###
4	1	267	0	0	0	2149.679587	1538.463674	293.252963	32.357400	-1	###LINE###
5	1	267	0	0	0	2149.68	1538.46	152.93	32.36	100	CLASSIC
5	1	267	0	0	1	2327.04	1538.46	115.89	32.36	100	STEEL
3	1	268	0	0	0	1979.435874	1574.053994	101.330198	9.914400	-1	###FLOW###
4	1	268	0	0	0	1979.435874	1574.053994	101.330198	9.914400	-1	###LINE###
5	1	268	0	0	0	1979.44	1574.41	17.61	9.56	100	PAINT
5	1	268	0	0	1	1998.62	1574.41	1.66	9.56	100	:
5	1	268	0	0	2	2003.68	1574.05	13.54	9.56	100	STD.
5	1	268	0	0	3	2018.88	1574.05	16.95	9.56	100	SHOP
5	1	268	0	0	4	2037.49	1574.05	23.33	9.56	100	PRIMER
5	1	268	0	0	5	2062.49	1574.05	18.28	9.56	100	U.N.O.
3	1	269	0	0	0	725.642694	1574.692994	122.036325	16.303800	-1	###FLOW###
4	1	269	0	0	0	725.642694	1574.692994	122.036325	16.303800	-1	###LINE###
5	1	269	0	0	0	725.64	1574.69	122.04	16.30	100	(GALVANIZED)
3	1	270	0	0	0	1978.139928	1599.258194	43.186020	10.149000	-1	###FLOW###
4	1	270	0	0	0	1978.139928	1599.258194	43.186020	10.149000	-1	###LINE###
5	1	270	0	0	0	1978.14	1599.85	38.51	9.56	100	DRAFTER
5	1	270	0	0	1	2019.06	1599.26	2.27	9.56	100	:
3	1	270	1	0	0	1577.337080	1618.454594	93.142147	9.557400	-1	###FLOW###
4	1	270	1	0	0	1577.337080	1618.454594	93.142147	9.557400	-1	###LINE###
5	1	270	1	0	0	1577.34	1618.45	21.62	9.56	100	FOR
5	1	270	1	0	1	1601.69	1618.45	68.79	9.56	100	FABRICATION
3	1	270	2	0	0	1560.887124	1634.652194	120.584600	19.278000	-1	###FLOW###
4	1	270	2	0	0	1580.804076	1634.652194	87.665484	9.557400	-1	###LINE###
5	1	270	2	0	0	1580.80	1634.65	25.37	9.56	100	DWGS
5	1	270	2	0	1	1608.44	1634.65	44.61	9.56	100	PREPARED
5	1	270	2	0	2	1657.59	1634.65	10.88	9.56	100	BY
4	1	270	2	1	0	1560.887124	1644.372794	120.584600	9.557400	-1	###LINE###
5	1	270	2	1	0	1560.89	1644.37	31.19	9.56	100	SHIVAM
5	1	270	2	1	1	1594.35	1644.37	43.06	9.56	100	DETAILING
5	1	270	2	1	2	1639.67	1644.37	41.80	9.56	100	SOLUTION
3	1	270	3	0	0	1560.589404	1654.550594	123.732542	8.657880	-1	###FLOW###
4	1	270	3	0	0	1560.589404	1654.550594	123.732542	8.657880	-1	###LINE###
5	1	270	3	0	0	1560.59	1654.55	123.73	8.66	100	anand@shivamdetailingsolution.com
3	1	271	0	0	0	1566.315760	1681.337594	23.057342	9.557400	-1	###FLOW###
4	1	271	0	0	0	1566.315760	1681.337594	23.057342	9.557400	-1	###LINE###
5	1	271	0	0	0	1566.32	1681.34	23.06	9.56	100	HOLE
3	1	272	0	0	0	1606.280564	1667.536994	69.241675	23.470200	-1	###FLOW###
4	1	272	0	0	0	1606.280564	1667.536994	28.569158	9.557400	-1	###LINE###
5	1	272	0	0	0	1606.28	1667.54	28.57	9.56	100	NOTE:-
4	1	272	0	1	0	1613.116540	1681.449794	62.405699	9.557400	-1	###LINE###
5	1	272	0	1	0	1613.12	1681.45	27.00	9.56	100	13/16Ø
5	1	272	0	1	1	1644.72	1681.45	30.80	9.56	100	(U.N.O.)
3	1	273	0	0	0	1697.514060	1613.645114	3.174204	5.397120	-1	###FLOW###
4	1	273	0	0	0	1697.514060	1613.645114	3.174204	5.397120	-1	###LINE###
5	1	273	0	0	0	1697.51	1613.65	3.17	5.40	100	0
3	1	274	0	0	0	1718.271984	1614.007994	28.974077	5.397120	-1	###FLOW###
4	1	274	0	0	0	1718.271984	1614.007994	28.974077	5.397120	-1	###LINE###
5	1	274	0	0	0	1718.27	1614.01	28.97	5.40	100	03/02/2026
3	1	275	0	0	0	1697.514060	1634.887994	3.807903	5.397120	-1	###FLOW###
4	1	275	0	0	0	1697.514060	1634.887994	3.807903	5.397120	-1	###LINE###
5	1	275	0	0	0	1697.51	1634.89	3.81	5.40	100	A
3	1	276	0	0	0	1718.271984	1635.245114	28.974077	5.397120	-1	###FLOW###
4	1	276	0	0	0	1718.271984	1635.245114	28.974077	5.397120	-1	###LINE###
5	1	276	0	0	0	1718.27	1635.25	28.97	5.40	100	02/06/2026
3	1	277	0	0	0	1694.694460	1653.858794	12.234000	9.557400	-1	###FLOW###
4	1	277	0	0	0	1694.694460	1653.858794	12.234000	9.557400	-1	###LINE###
5	1	277	0	0	0	1694.69	1653.86	12.23	9.56	100	NO
3	1	278	0	0	0	1722.775568	1653.858794	21.752052	9.557400	-1	###FLOW###
4	1	278	0	0	0	1722.775568	1653.858794	21.752052	9.557400	-1	###LINE###
5	1	278	0	0	0	1722.78	1653.86	21.75	9.56	100	DATE
3	1	279	0	0	0	1978.139928	1625.890394	95.902402	10.638600	-1	###FLOW###
4	1	279	0	0	0	1978.139928	1625.890394	95.902402	10.638600	-1	###LINE###
5	1	279	0	0	0	1978.14	1626.97	21.75	9.56	100	DATE
5	1	279	0	0	1	2002.74	1625.89	2.27	9.56	100	:
5	1	279	0	0	2	2010.18	1626.37	63.86	9.56	100	12/04/2025
3	1	280	0	0	0	1768.071591	1634.887994	33.187251	5.397120	-1	###FLOW###
4	1	280	0	0	0	1768.071591	1634.887994	33.187251	5.397120	-1	###LINE###
5	1	280	0	0	0	1768.07	1634.89	8.56	5.40	100	For
5	1	280	0	0	1	1778.30	1634.89	22.96	5.40	100	Approval
3	1	281	0	0	0	1762.854152	1653.858794	55.649872	9.557400	-1	###FLOW###
4	1	281	0	0	0	1762.854152	1653.858794	55.649872	9.557400	-1	###LINE###
5	1	281	0	0	0	1762.85	1653.86	55.65	9.56	100	DESCRIPTION
3	1	282	0	0	0	1837.734388	1653.858794	12.234000	9.557400	-1	###FLOW###
4	1	282	0	0	0	1837.734388	1653.858794	12.234000	9.557400	-1	###LINE###
5	1	282	0	0	0	1837.73	1653.86	12.23	9.56	100	NO
3	1	283	0	0	0	1801.497280	1677.257594	44.329344	9.557400	-1	###FLOW###
4	1	283	0	0	0	1801.497280	1677.257594	44.329344	9.557400	-1	###LINE###
5	1	283	0	0	0	1801.50	1677.26	44.33	9.56	100	REVISIONS
3	1	284	0	0	0	1865.937836	1653.858794	21.752052	9.557400	-1	###FLOW###
4	1	284	0	0	0	1865.937836	1653.858794	21.752052	9.557400	-1	###LINE###
5	1	284	0	0	0	1865.94	1653.86	21.75	9.56	100	DATE
3	1	285	0	0	0	1905.894080	1653.858794	55.649872	9.557400	-1	###FLOW###
4	1	285	0	0	0	1905.894080	1653.858794	55.649872	9.557400	-1	###LINE###
5	1	285	0	0	0	1905.89	1653.86	55.65	9.56	100	DESCRIPTION
3	1	286	0	0	0	1978.376452	1649.778794	44.629632	10.271400	-1	###FLOW###
4	1	286	0	0	0	1978.376452	1649.778794	44.629632	10.271400	-1	###LINE###
5	1	286	0	0	0	1978.38	1650.49	39.73	9.56	100	CHECKED
5	1	286	0	0	1	2020.74	1649.78	2.27	9.56	100	:
3	1	287	0	0	0	2472.556648	1599.013394	32.632156	9.557400	-1	###FLOW###
4	1	287	0	0	0	2472.556648	1599.013394	32.632156	9.557400	-1	###LINE###
5	1	287	0	0	0	2472.56	1599.01	15.86	9.56	100	JOB
5	1	287	0	0	1	2490.69	1599.01	14.50	9.56	100	NO.
3	1	288	0	0	0	2038.750533	1599.849794	14.928295	9.557400	-1	###FLOW###
4	1	288	0	0	0	2038.750533	1599.849794	14.928295	9.557400	-1	###LINE###
5	1	288	0	0	0	2038.75	1599.85	14.93	9.56	100	AG
3	1	289	0	0	0	1768.071591	1613.645114	38.560013	5.397120	-1	###FLOW###
4	1	289	0	0	0	1768.071591	1613.645114	38.560013	5.397120	-1	###LINE###
5	1	289	0	0	0	1768.07	1613.65	8.56	5.40	100	For
5	1	289	0	0	1	1778.30	1613.65	28.33	5.40	100	Fabrication
3	1	290	0	0	0	2038.998477	1650.370394	13.632509	9.557400	-1	###FLOW###
4	1	290	0	0	0	2038.998477	1650.370394	13.632509	9.557400	-1	###LINE###
5	1	290	0	0	0	2039.00	1650.37	13.63	9.56	100	RT
3	1	291	0	0	0	1978.139928	1676.298794	95.902402	10.628400	-1	###FLOW###
4	1	291	0	0	0	1978.139928	1676.298794	95.902402	10.628400	-1	###LINE###
5	1	291	0	0	0	1978.14	1677.37	21.75	9.56	100	DATE
5	1	291	0	0	1	2002.74	1676.30	2.27	9.56	100	:
5	1	291	0	0	2	2010.18	1677.37	63.86	9.56	100	12/04/2025
3	1	292	0	0	0	2089.080531	1610.743754	208.838269	16.078920	-1	###FLOW###
4	1	292	0	0	0	2089.080531	1610.743754	208.838269	16.078920	-1	###LINE###
5	1	292	0	0	0	2089.08	1610.74	99.80	16.08	100	CUSTOMER
5	1	292	0	0	1	2193.72	1610.74	4.84	16.08	100	:
5	1	292	0	0	2	2202.03	1611.79	35.44	14.73	100	COLO
5	1	292	0	0	3	2240.95	1611.79	6.95	14.73	100	1
5	1	292	0	0	4	2251.38	1611.79	46.54	14.73	100	TOWER
3	1	293	0	0	0	2468.080920	1615.509914	43.589536	13.043040	-1	###FLOW###
4	1	293	0	0	0	2468.080920	1615.509914	43.589536	13.043040	-1	###LINE###
5	1	293	0	0	0	2468.08	1615.51	43.59	13.04	100	531-25
3	1	294	0	0	0	2088.488965	1648.547234	284.283128	16.078920	-1	###FLOW###
4	1	294	0	0	0	2088.488965	1648.547234	284.283128	16.078920	-1	###LINE###
5	1	294	0	0	0	2088.49	1648.55	107.61	16.08	100	STRUCTURE
5	1	294	0	0	1	2200.93	1648.55	4.84	16.08	100	:
5	1	294	0	0	2	2209.59	1649.11	48.05	14.73	100	EAT13
5	1	294	0	0	3	2261.91	1649.11	41.99	14.73	100	DATA
5	1	294	0	0	4	2308.11	1649.11	64.67	14.73	100	CENTER
3	1	295	0	0	0	2470.631832	1650.370394	36.702000	9.557400	-1	###FLOW###
4	1	295	0	0	0	2470.631832	1650.370394	36.702000	9.557400	-1	###LINE###
5	1	295	0	0	0	2470.63	1650.37	19.93	9.56	100	DWG
5	1	295	0	0	1	2492.83	1650.37	14.50	9.56	100	NO.
3	1	296	0	0	0	2186.312040	1671.797954	114.248400	14.729640	-1	###FLOW###
4	1	296	0	0	0	2186.312040	1671.797954	114.248400	14.729640	-1	###LINE###
5	1	296	0	0	0	2186.31	1671.80	55.09	14.73	100	FRAME
5	1	296	0	0	1	2245.59	1671.80	54.97	14.73	100	DETAIL
3	1	297	0	0	0	2476.358325	1669.032314	31.109330	13.043040	-1	###FLOW###
4	1	297	0	0	0	2476.358325	1669.032314	31.109330	13.043040	-1	###LINE###
5	1	297	0	0	0	2476.36	1669.03	31.11	13.04	100	1017
